id,rest_name,review_star,review_text
0,BBQ 공릉스타점,5,맛있고 사장님도 친절하시고 서비스도 좋아요^^
1,BBQ 공릉스타점,5,"직원님 사장님 친절, 기름 깨끗"
2,1번지통닭 공릉점,5,"이제껏 먹어 본 통닭 중에서, 후라이드 만큼은 최고였네요
(양념은 좋아하지 않아서 않 먹어 봤음)
매장은 협소하지만, 사장님의 친절함이 매력입니다
어지간 해서는 후기 않 쓰는데
이 곳 만큼은 강추합니다????????????????"
3,1번지통닭 공릉점,5,맛나용
4,본죽&비빔밥cafe 공릉원자력병원점,5,
5,본죽&비빔밥cafe 공릉원자력병원점,5,
6,쿡앤쿡,5,김밥 맛있어요.
7,쿡앤쿡,1,남 사장  상호간에 존중은 해야지 아무한테나 반말하면 쓰나 사장 질 하니 다 니 아래로 보이냐
8,피자꾼 공릉본점,5,
9,피자꾼 공릉본점,5,
10,감탄떡볶이 공릉풍림점,5,
11,처갓집양념치킨 공릉점,5,이제 치킨은 여기다
12,처갓집양념치킨 공릉점,5,"저번에 시켜 먹어봤는데 기름이 신선도가 높은거 같더라고요 튀김도 바삭거리고 기름에서도 깔끔한 냄새가 나서 너무 좋았습니다.
양념 발라주신 것도 너무 많지도 않고 너무 적지도 않도 덕분에 입맛에 맞게 잘 먹었습니다~^^"
13,원조강영숙봉평메밀촌 본점,5,비빔막국수 진짜 미쳤음
14,원조강영숙봉평메밀촌 본점,4,"만두는좀…..
나머지는 다 맛있음"
15,채선당도시락&샐러드 공릉점,5,메뉴가 엄청 많아졌네요 편의점 도시락 가격에 이정도 퀄리티면 대박이네용
16,채선당도시락&샐러드 공릉점,5,여기 망했어요ㅠㅠ 2월28일 이후로 영업종료한다네요....
17,공릉모소리,3,"맛은 평범한데 그램대비 비쌈~~ 그래서 사람
안 많음~"
18,공릉모소리,5,"홀서빙하시는 직원분이 일당백으로 일을 잘하셔서 응대받는 사람 속이 다 시원함

힘든 일이 있어서 기분전환차 갔는데 하루의 완벽한 마무리가 됨.
재방문 의사 200%"
19,프랭크버거 공릉점,5,맛있어요!!!
20,여물소,4,
21,여물소,2,고기는 맛있으나 업주가 불친절함.재방문의사 없습니다
22,영자네곱창 공릉역점,5,"일단 가격이 싸고 메뉴중에 불막창이 최고에요.
정말로 불맛이 납니다.
전화 주문과 포장이 되네요."
23,장수해물칼국수,5,
24,장수해물칼국수,4,칼칼하고 맛있어요 다른곳에 비해 가격도 저렴한편
25,산골집,5,대학 때부터 자주 오던 곳인데 직장인이 되어 찾아와도 너무 맛있네요. 사장님 건강하세요~
26,산골집,5,"6천원이 아니라 9천원 받으셔야 할 것 같은데,,, 돌솥밥 기본제공에 꿀맛 반찬이랑 된장도 너무 맛있네요. 집앞이면 매일 올 의향 100%"
27,원조멸치국수,5,"여기 어디갔나용 ㅠㅜ 다른 국수집이 하고 있네요
어디로 가셨을까용 오랜만에 방문했는뎅 흑흑"
28,원조멸치국수,5,만두랑 비빔국수 먹었는데 맛있어용 사장님도 너무 친절하시고 멸치 육수 주셔서 먹어봤는데 맛있어서 다음엔 멸치국수 먹으러 가려고요
29,아늑한주방 공릉점,5,"공릉에서 갈만한 숙성회 맛집.
특히 참돔회가 이 집의 시그니쳐 메뉴로 꼭 먹어보자.
메인으로 나오는 회의 퀄리티나 함께 나오는 메뉴의 구성이 훌륭하기에 친구든 가족이든 연인이든 누구를 데리고 가더라도 만족스런 시간을 가질 수 있다.
배달도 가능하지만 인근에 있다면 꼭 한번 방문해보자."
30,아늑한주방 공릉점,5,"맨날 포장해서 먹었었는데 숙성연어 진짜 맛있음
연어 별로 안 좋아했는데 여기서 먹고 눈떠서 연어 없으면 못살게 됌"
31,남대문황금족발 공릉점,4,족발도 맛있지만 막국수도 맛있어요~^^ 전 매운맛보단 일반 족발을 선호...
32,꿀삼겹,4,삽겹살맛은 평범~ 찌개는 괜찮음~
33,꿀삼겹,5,"본점과 맛 비슷
가성비 있고 여직원분 친절해요
잘먹었어요"
34,동창야채닭갈비 공릉점,2,"그냥저냥 쏘쏘함
사장님은 친절한편"
35,동창야채닭갈비 공릉점,5,"깔끔하게 맛있는맛, 사장님도 친절하셔요"
36,헬로베트남쌀국수 공릉점,5,"싸서 큰 기대 안하고 먹었는데 생각보다 되게 맛있네요 탄탄쌀국수 시켰는데 일반 쌀국수보다 살짝 기름지면서 매콤해요
짜조도 작은거가 아니고 꽤 큼직한게, 얇은 면에 바삭하게 튀겨져서 맛있었어요
가게 내부에 붙은 종이 보니까 다른 분한테 인수하실 것 같던데 이 맛이 유지되면 좋겠네요"
37,헬로베트남쌀국수 공릉점,3,"가성비 좋아서 자주 먹는데
맛이 작년보단 못하네요"
38,김밥천국 공릉점,1,"예전엔 안그랬는데 위생이 안좋아진거 같네요..밥먹다가 벌레 나와서 말씀드렸는데 오히려 날벌레라고 하면서 천원 깎아준다고 아무렇지 않게하길래 그냥 제가격 결제하고 나왓고요
반찬도 셀프코너에 있는거 맨손으로 드시고 김밥재료 계란도 맨손으로 드셔서 놀랬네요..다시는 안갈꺼 같네요"
39,김밥천국 공릉점,4,김밥 실속있고  알차고  맛있어요~!!
40,백채김치찌개 공릉역점,5,맛있고 친절하고 양 겁나많음
41,백채김치찌개 공릉역점,5,맛있어요
42,스마일닭발,5,
43,스마일닭발,5,"4번을 방문했지만 한번도 계란찜을 다 먹어 본 기억이 없음... 진짜 매번 놀라는 푸짐함... 다음에는 완뚝 도전
무뼈닭발 닭똥집 무난하고 맛있음. 항상 2차로 가는 곳"
44,땡초집,1,"맛은 그냥저냥, 나오는 야채들도 신선하지 않고 위생은 진짜 별로.. 별점 높아서 가봤는데 추천하고싶지는 않아요"
45,땡초집,5,정말 맛있고 가성비도 좋습니다!
46,권서방네 순대국왕순대 공릉점,5,아주 맛있어요~최고
47,생선까시,1,"하..맛있어서 오랜만에 포장해서 저녁으로 먹었더니 맛이 너무 없네요... 쓰레기통에 버리고 빡쳐서
다시 꺼낸다음이 인증샷 올립니다."
48,생선까시,1,"애 데리고 가서 두 가지만 시키려다 비싼 거 위주로 하나 더 시켜서 먹고 있다가 애기 밥 한 숟갈만 더 먹고 싶다 하여 조금만 더 줄 수 있냐고 했더니 남자 애 하는 말: ""저희는 그렇게는 못 해요.""

그런 자세로 장사 참 잘 되겠다. 그동안 좋은 이미지 다 깎였음."
49,원조명동찌개마을 공릉동직영점,1,제육볶음은 고기 누린내 나고 소주는 미지근한거 주셔서 별로였는데 김치찌개는 밥 안나온다고 말도 없이 밥 줘서 계산할때 알았습니다. 웬만하면 동네라 안가고 말텐데 저같은 분 생길까봐 알려드립니다.
50,에이엔,5,
51,에이엔,3,
52,일등숯불갈비,4,집가까워서 갔는데 먹을만해요
53,일등숯불갈비,5,"왕갈비 추천
지인이 재배하시는 야채 공수
직접 만든 식혜 서비스"
54,휴돈정,5,맛있어용 .. 돈까스 외길 20+n년 진짜 맛있는 돈까스입니다
55,휴돈정,5,"친구 추천으로 먹은 히레까스 맛있어요
고기가 실한데도 입에서 살살 녹아요"
56,구라네쪽갈비,5,너무덥거나 너무춥지않은계절엔 야외에서도 먹을수있어요! 쪽갈비도 맛있고 서비스계란찜(또는 홍합탕?)도 마싯어요ㅎㅎㅎ 그리구 라면이 미쳤어요... 미틴계속생각나는맛??
57,구라네쪽갈비,5,몇년 전. 신입으로 들어간 회사의 사수분들이랑 같이 구라네쪽갈비로 저녁먹으러 왔었던 기억이 있어요. 근처 지나가다가 생각나서 들렀습니다. 이번에도 양도 많고 너무 맛있게 먹었어요. 몇년만에 재방문인데 그대로 맛있었어요. 일하시는 분들도 친절하십니다. 또 공릉동 오면 여기로 식사하러 오겠습니다. 번창하세요:)
58,김밥윤결,5,드디여 김밥맛집을 찾음^^속이 알차서 한줄도 다 못먹고 남겼어요~
59,김밥윤결,1,김밥 한줄 시켰다고 손님앞에 던질거면 장사하지 마세요~ 부엌에서 궁시렁궁시렁 다들려요 내용물 부실하고 맛도 없어서 버림
60,하회정,5,"공릉동 손만두 맛집
담백한 국물과 어울어진 손만두
쎄지않은 건강한 맛"
61,하회정,5,모든 재료 국산에 친절한 사장님~ 자극적이지 않고 깔끔한 맛이에요!! 번창하시길~~
62,형제해장국,3,"양선지해장국 섭취.
개취로는 양선지해장국에 들어간 기름? 이 양선지해장국을 느끼하게 만듦.
가격은 착한데 기름이 맛을 방해, 차라리 고추기름 이었다면 더 좋았을 듯?

카레밥도 섭취.
가격 착하고 양도 괜찮은 가성비 메뉴.
부담없이 먹는 동네 밥, 괜찮다."
63,형제해장국,5,
64,피자알볼로 공릉하계점,1,"여기 주인 바뀐거죠??ㅎㅎㅎ
완전 불친절에.. 휴.."
65,명륜진사갈비 서울공릉점,1,사장이 마스크도 안쓰고 일하며 매우 불친절함. 다시는 안감
66,명륜진사갈비 서울공릉점,1,"이걸본다면 절대가지말아야할 이유

목전지와 갈비 부위를 선택해서 리필할 수 있으나 한번 리필하니 종업원이 쫒아와 갈비리필하면 다른사람이 못먹는다느니 야랄을하면서 분위기를 조짐

질낮은 목전지가 취향인사람들은 만족하겠으나 그게아니라면 절대 가면 안되는곳

어떻게 무한리필집에 그런데가있냐구요? 
나도 세상살다 처음봤고 처음리뷰남겨둠"
67,대마에스시,1,서비스 제로 사장도 한 성질
68,대마에스시,4,이 집 우동이 맛있다
69,이박사왕돈까스,5,"오랜만에 먹어도 푸짐하고 맛있습니다
경양식 돈까스집 탑클래스"
70,이박사왕돈까스,3,
71,곰배령전,4,
72,춘보만두,1,여주인의 불친절은 음식 맛도 떨어지게하고 가격대비 별로입니다.국물도 완전 사골로 끓인 게 아닙니다.다시 가고 싶지않네요.
73,춘보만두,1,"오늘2022년  11월23일수요일
친구가 가보자고해서  갔는데,들어가자마자
반말비스무리하게하시면서, 나이드신 여사장님이 자리지정해주시고, 
 음식나와서  먹는데.   얘기는  음식다먹고 나가서하라고  하시는데. 대기하는사람도 중요하겠지만.

들어온지 10분도 안된 사람들한테 입닫고  빨리 먹고 나가라는건 정말  무례하기 짝이없어서 어이가 없었습니다.

교도소도아니고,
음식의  맛이고 뭐고
진짜   사람을 대하는 기본 예의가없는  식당이라 생각합니다.

금가루를뿌려주는식당도아니고.
여사장님  예의를 지켜주십시오.
과도한친절을 원하지도 않습니다.
무례하게대하지는마십시오."
74,매우당,2,"2020.6.26 매운갈비2인분 배달후기

맛이 딱히 나쁘진 않으나, 
쇠고기 양이 너무 적음;
우려대로, 고기보다 김치천지이고. 이거누매운양념갈비가 아닌,

'갈비가 드문드문 있는 김치찌개'임."
75,신종로빈대떡,5,"전과 동동주
과기대생도 잘 모르는 숨겨진 전 맛집"
76,그릭앤샌드 욤욤,5,과잉친절이 아니라 사장님들 성향이.. 사람 좋은 분들 같아요.  커피도 마싯고 단호박 샌드위치 참 맛있네요!!
77,그릭앤샌드 욤욤,5,"샌드위치랑 요거트 먹었는데 맛있음.
쩝쩝박사님들이 만드신듯."
78,네네치킨 공릉역점,1,1시간 걸린다고 했다가 1시간 10분 넘어서도 안오길래 전화 해봤더니 그제서야 30분은 더 기다려야 된다는 가게입니다. 전화로 주문해서 별점 평가를 못하니까 호구로 봤는지...신경도 안쓰겠지만 여기라도 후기 남깁니다. 치킨 한마리 2시간 가까이 기다리고 먹고 싶으시면 여기서 드세요.
79,네네치킨 공릉역점,5,넘 친절하시구 치킨이랑 치즈볼 등 사이드도 다 맛있어요!
80,BBQ 공릉역점,5,정말친절하시고 맛있습니다!!
81,BBQ 공릉역점,5,"서비스 좋은 치킨집은 또 처음이네요 포장주문했는데
전화 응대 사장님도 친절하시고 조금 늦게 도착했는데 치킨나오면 나왔다고 전화주십니다.
친절은물론 맛역시 굿굿
생긴지 얼마안된거같은데 수년간 공릉에서 산 사람으로서 이런 섬세하고 따뜻한 배려는 오랜만이네요"
82,참치여라,5,정말 맛있고 대식가인편인데도 배가 터질것 같았어요ㅠ 공릉동에서 기념일에 방문하기에 가장 적합한 가게인듯합니다 완벽해요
83,참치여라,5,진짜 맛있고 메인은 리필도 3번이나 가능해요 또 방문하고 싶어요 추천합니다
84,동수네김밥,5,참치김밥 맛있어요
85,세광식당,2,매장 청결도가 떨어지는곳
86,세광식당,1,좁고 시끄러움.
87,버거킹 공릉역점,1,"바쁘게 일 하는데 내 음식은 안 나오는 상황…
직원 좀 더 뽑으시길…"
88,버거킹 공릉역점,1,손 씻을 곳도 없이 물티슈 냅다 치우면 어쩌라는거임 .. 개수대라도 설치하던가 손 끈적거려 죽겠네
89,전주백반,5,"전형적인 전라도 음식맛을 느낄 수 있어요.
찬도 깔끔하게 잘 나오고요."
90,전주백반,5,갓성비가 내려오는.. 집밥같은 한 상입니다..
91,시골보신탕삼계탕,4,
92,시골보신탕삼계탕,5,"너무 맛있어서 먹느냐고 사진을 얼마 못찍었네요. 첫째 냄새 전혀 없습니다.
둘째 이가 부실한 제가 먹는데 지장 없을만큼 부드럽습니다.
셋째 사장님과 이모님들 너무 친절 하세요.
넷째 골목길인데 넓은 골목길이라 주차도 가능합니다.
어제는 무침을 먹었는데요 오늘은 제 후배와 어제 못먹었던 수육과 전골 먹으려구요^^ 영양탕 싫어하시는분들은 흑염소도 있더라구요. 여성분들한테 좋은거 아시져?
백문이불여일견 말재주 없는 제가 설명해봐야^^ 직접 가보세요. 후회 않합니다."
93,마린월드,5,"싱싱하고 진짜 맛있어요 
여기 회 먹은후로 다른곳에서 못먹어요.. ㅠㅠ 
같이 주시는 톳이랑 김이랑 싸먹으면 꿀맛이예요 
손님이 많아서 미리 전화주문하고 가시는게 편해요"
94,마린월드,5,추천장소
95,엄나무닭곰탕,5,느끼하지않고 담백하게 참 맛있어요~^^
96,추운돼지,4,
97,추운돼지,5,"삼겹살이 비린내가 없고 고소합니다.
청국장 진짜 맛있어료"
98,피자나라치킨공주 서울공릉점,5,
99,피자나라치킨공주 서울공릉점,1,"늦으면 늦는다고 연락을 미리 줘야되는거 아닌가요? 지금 1시간 40분이 지나도록 안 오고 있는데 전화도 안 받고
월드컵 특수라면 미리 늦으니까 가질러 오라고 하던지 아니면 취소 부탁드린다던지 얘기가 있어야 되는거 아닌가요?"
100,82wa솥뚜껑김치삼겹살&특수부위,5,"정말 자주 방문하는 곳이에요.!
고기는 말 할것 없이 맛있고 이 집은 김치가 대박이에요.. 가끔 갓김치 주시는데 환상이고 파김치는 언제나 맛있어요. 
사장님 너무 친절하시구 항상 웃어주셔서 기분도 좋아져요."
101,82wa솥뚜껑김치삼겹살&특수부위,5,역시 삼겹살 맛있어요
102,예촌손수제비,5,친절하시고 맛있어요!!!
103,예촌손수제비,4,"열무비빔밥, 김치손수제비(칼국수) 맛집."
104,향토곱창,1,"서빙해주실 때 화장품 향이 너무 강해 식욕이 반감됨, 그리고 국이든 반찬이든 주실 때 엄지 손가락을 담가서 줘서 비위생적임, 반찬도 깔끔하지 않음. 보통 구워먹는 고기는 중간치는 간다 생각하는데 곱창이 밍밍하고 질기고 정말 이렇게 맛 없는 것 처음이며 간은 싱싱하지 않은지 특유의 냄새가 남, 모범음식점(믿고 들어갔는데)이라는 게 이해가 안감. 결론은 가지 마세요. ㅠㅜ"
105,향토곱창,2,별로… 모듬 주문했는데 양도 너무 적고 고소한 맛도 딱히 없고 밍밍함 볶음밥도 딱히.. 곱창에 곱 많은것만 괜찮았음 그렇다고 그게 맛있었다는건 아님 친절하시긴 함
106,청정꼬막,5,"정갈하고 맛있습니다
사장님도 친절하시고요

옵션 메뉴 특히 계란후라이 너무 맛있어요"
107,청정꼬막,2,맛은 괜찮은데 사장님 남편이랑 친구들이 술을 먹는건지 하여간 엄청나게 시끄러워서 정뚝떨어짐 앉은 순간부터 일어나는 순간까지 마스크도안쓰고 술취해서 소리지르고 떠드는거 진짜... 내돈내고 이렇게 불편하게 먹다니 다신 안갈듯
108,청담족발,5,
109,청담족발,5,
110,소문난멸치국수,5,너무맛있어요.국수집중 최고입니다
111,소문난멸치국수,3,The food is not delicious enough to wait in line.
112,압구정찌개마을 공릉본점,5,공릉 맛집입니다…. 소주가 꿀떡꿀떡…. 츄..르릅
113,압구정찌개마을 공릉본점,5,말해뭐해
114,오케이삼겹살,5,지나갈때마다 사람많아서 가봤는데 이유가있엇음 맛있음
115,오케이삼겹살,5,"평소에 쌈을 즐기지 않으나 여기가면 무조건 상추 위에 삼겹살, 부추무침, 볶음김치, 구운 마늘 한점으로 탄알 일발 장전하고 준비된 사수부터 격발 하면 소주와 함께 그냥 입으로 때려 넣으니 이만한 곳이 없죠."
116,제일식당,5,여기 단골입니다 사장님 친절하세요
117,제일식당,5,"저렴하고 양도 많고 맛있어요 흑흑
사진은 라면+소세지 사리 추가"
118,장수멸치국수,2,불친절해요
119,장수멸치국수,2,이날은 다른 사장님이신지.. 너무 맛이 없었어요 친절하시긴한데...
120,"굽네치킨 공릉1,3동점",1,"별 한개도아까운데 0개는 안되나 ㅠ 
바쁘다고 응대 최악 중에 최악"
121,"굽네치킨 공릉1,3동점",1,똑같은 메뉴 똑같은 주소로 시키는데 기프티콘으로 하면 28000원이고 배민으로 하면 25500원인지? 물어봤더니 자기네 매장은 원래 그렇다고 ㅋㅋ 기분더럽네요 ;
122,유정집 공릉점,5,
123,유정집 공릉점,1,본인이 소고기 미식가라면 여기는 절대 비추천합니다.
124,땡큐불백,5,음식도 맛있고. 푸짐하고 거기다 가격까지저렴하니 최고입니다 배부르게먹다가요
125,땡큐불백,5,양이 진짜 많고 맛도 인위적이지 않고 너무 맛있어요! 불고기 전골은 짰어용
126,잭아저씨 족발&보쌈 공릉점,5,"단골이예요.
푸짐,깔끔,맛있어요.
아저씨 인상도 정말 좋으세요.^^"
127,잭아저씨 족발&보쌈 공릉점,5,"보쌈,족발다 최고로 맛나는곳~ 보쌈 보온팩으로 배즙 넣어주시는 센스~"
128,온고을 본점,3,
129,온고을 본점,2,막국수 최악 슈퍼에서 만들어 먹는 느낌 닭갈비는 보통 맛잇지도 맛없지도 않아요
130,서서방고깃집,5,"굿!! 블랙 꽃갈비살 추천 합니다.
맛있어요~~"
131,서서방고깃집,5,맛있어요 ! 사장님 정말 친절하시고 또 가고싶어요!!
132,맘'스밥스,3,간 약하대서 갔는데 엄청 짜요 주방 바뀌신듯...
133,맘'스밥스,5,집앞에 찐맛집! 간도 안쎈데 맛있고 친절하심 애데리고 자주갑니다~
134,동강민물장어구이,5,맛잇음
135,동강민물장어구이,5,맛있음
136,전주종가콩나물국밥 콩심 공릉역점,3,황태콩나물국밥. 깔끔하게 해장되는 기분.
137,전주종가콩나물국밥 콩심 공릉역점,3,
138,춘천중앙로숯불닭갈비,5,열무막국수랑 고기랑 같이 먹으니까 짱이에요
139,춘천중앙로숯불닭갈비,3,숯불이라 좋았어요/~~
140,도토베르구이치킨 공릉점,5,"매운거 잘 못먹는데 맛있어요.
먹기전에 번뇌를, 먹을때는 희노애락, 먹고나면 번뇌를 느껴요. 그러면서 또 먹는 인생의 회전목마.."
141,공릉동멸치국수,1,싸가지 없음. 셀프면 셀프라고 말을 해야지 말도 안 함
142,공릉동멸치국수,4,
143,백남옥손만두,5,여간 진짜 맛집임
144,백남옥손만두,5,"사장님 일하시는분들 모두 친절하시고
맛은선물해드려서 먹어보진않았지만
분명  맛있을것같네요
실제로 맛있어보이고요"
145,꽃중년푸줏간,1,전화를 그냥 끊어요? 차라리 받질 말거나. 받아놓고 그냥 끊어요? 번호를 걸어놓지 말던가 나참
146,꽃중년푸줏간,5,"고기 맛있고 가격대비 괜찮았슴
반찬도 맛있었고
무엇보다 ㅋㅋㄱ 갈비탕 최고 ㅋㅋ
갈비탕 조금 올린것 같은대ㅋㅋㄱ 
이제 맘놓고 갈수있을듯 
고기집인대 다들 갈비탕전문점인줄 아는게 함정 ㅋㄱㄱㄱ
넓직하고 깔끔한 화장실도 맘에들었어요"
147,부자밥상,1,"갈비탕에 먹을수 있는 고기가 없네요..그나마 붙은 고기도 질기고 비계만...작은뼈 2~3개 들어가있어요ㅋㅋ... 예전에 포장해왔을때는 같은 가격 받는데 밥, 반찬, 수저도 안주고 국만 넣어주셨더라고요; 국도 끓여서 달라고 안하면 재료만 줘요...다신 안 먹어요. 돈낭비"
148,부자밥상,1,여기 진짜 불친절합니다. 굳이 밥먹으로 가서 기분만 나빴습니다.
149,뽕신 공릉동점,5,제발 없어지지 마세요.. 너무 맛있어요
150,뽕신 공릉동점,5,오랜만에 주변에 들를 일이 생겨 들렀는데 여전히 맛있어요 너무 먹고싶었는데 몇년만에 먹으니까 행복하네요
151,던킨 화랑대역점,4,사장님은 친절
152,던킨 화랑대역점,5,후기대로 사장님 너무 친절하시네요~~ 기분좋게 이용하고 왔어요^^
153,대박멸치국수,1,주인 아주머니 너무 매너 없어요
154,대박멸치국수,1,
155,길동우동 공릉점,5,추울때는 얼큰우동 먹으면 몸도 따뜻해지고 든든한거 같아요 자주 올께요~
156,길동우동 공릉점,5,야채 김밥   김밥만 시켰는데도 우동 국물 주네요 ~
157,수돈재 공릉점,1,"아, 왠만하면 이런글 안적는 사람인데 한마디 좀 해야겠네요. 토요일 저녁 먹고 친구랑 집에서 술한잔 더하려고 감자탕 한그릇 포장해서 가려고 들렸네요
주문하고 친구가 계산중이였는데 미세먼지도 많고해서
물티슈3개를 챙겼는데 갑자기 주인 할줌마가 정색하면서 물티슈 가져갈때는 말을 해야한다고 그러는거에요
순간 그 할줌마 표정이 아주 재수없고 기분이 불쾌하더라구요
아니 내가 무슨 큰 잘못이라도 한것처럼 따지는 듯이 말하는게 서비스 업을 하는 사람으로서의 기본이 안 되어 있으시더라구요 장사 좀 잘 된다고 손님을 무시하는듯한 그런 건방지고 싸 가X 없는 태도는 어디서 배우셨는지 모르겠네
 아무리 맛있어도 사장 할줌마 꼴배기 싫어서 앞으로 절대 안오고  지날때마다 기분 안 좋을듯
 사장이 혹시 이 글을 보면 앞으로는 서비스업으로서 기본 자세와 친절함을 좀 신경써야 할듯 싶네요"
158,수돈재 공릉점,5,맛있었어용 그리고 테이블마다 전기레인지(?)있어서 개꿀 ㅠㅠ
159,오늘손칼국수앤찜 공릉점,1,맛없습니다 ㅜ 내 생에  최고로 ㅋ
160,오늘손칼국수앤찜 공릉점,5,양이 너무 많아서 잘못나온줄 알았어요!  해물찜에 해물도 푸짐하고 밑반찬(특히 열무물김치ㅎㅎ)도 넘 맛있었습니다!!^^
161,7일간의양심,4,고기가 아주 신선하고 좋습니다^^
162,7일간의양심,4,음식점은 괜찮은데 주차관리인 영감이 싸가지 없음. 택시대는곳 아닌곳에 버젓히 주차자리 보이는데도 자리 없다며 차 빼라고 함. 사장님이 불쌍할정도로 손님 쫒아냄.
163,24시멸치국수,5,맛도 괜찮구 양이 진짜 많아요 가게가 오래된 것 같지만 깨끗해용
164,24시멸치국수,4,"장점 : 24시 , 옛날 국수 
단점 : 가게가 작다?"
165,한촌설렁탕 공릉역점,1,"주말2시20분쯤 들어갔는데 입구에서는 어서오세요 하고 인사하더니,주문하고나니, 종업원들끼리 하는말 - 우리 밥먹어야 되는데,,빨리 먹고가겠지...뒤통수대고 자기네들끼리 수군수군. 내돈주고 먹는 밥인데 눈치보여 허겁지겁 먹고나옴..브레이크타임이라 말하고 손님을 받질말든지.(브레이크타임도 아니었음)서비스땅바닥인데 맛있을 리가 있나..카드결제하는데 홀인가 주방에서 나온 직원 양손 일회용비닐장갑 낀 채로 카드만짐..후,,,아,,,"
166,한촌설렁탕 공릉역점,1,새벽쯤인가 갔는데 양이 진짜 없음 얇은 고기 3장 들어있음
167,심원,5,
168,심원,5,"집 근처 자주가는 곳인데, 항상 친절하시고 짜장 짬뽕 탕수육도 진짜 맛있어요! 사장님 꼭 번창하세요"
169,청학골,1,
170,청학골,3,별점이 이런 이유가 있긴 해요 불친절함.. 맛은 괜찮았어요
171,굴다리 전주콩나물국밥,4,나쁘지는 않은데.. 7천원 만큼은 아닌...
172,굴다리 전주콩나물국밥,5,전날 술을 마셨다? 공릉에 산다? 다음날 무조건 여기 오십쇼. 먹다먹다 나중에 주객이 전도돼서 여기 오려고 술을 먹는 지경까지 갈 수도있어요. 별거 없는거 같은데 콩나물국밥 너무 맛있음..하. 그리고 계산하고 나가다가 두부과자도 하나 사드세요. 여자친구가 하나 사달라길래 구박하면서 사줬다가 집가는 차에서 제가 다먹었네요.
173,국수잔치,4,제육 짜지않고 괜찮아요
174,국수잔치,5,
175,517낙지&아구,5,"낙지 수제비 완전 칼칼하고 맛있음.
낙지 크고 너무 맛있어용 ㅠㅠ"
176,517낙지&아구,5,"오늘 공릉역과 태릉입구역 사이에있는 517 낙지 아구집에 다녀왔어요 너무 맛있었네요
화랑대에 있을때부터 오랜당골이었는데 어느날부터인가 안보여서 아쉬워했는데 별내에 생긴걸알고 별내까지가서 찾아갔던 최애맛집이었답니다
그런데 어느날 찾아갔는데 또 없어진거에요 
딸아이가 예전 먹던 그불향낙지와 수제비가 너무 그립다며 찾다가 드뎌 찾았네요 화랑대와 별내에서는 박가네 낙지한마리였는데 상호명이 517낙지아구로 바뀌었더라구요
얼마나 반가웠던지
바로 다녀왔네요 옛맛 그대로였어요 사장님을 다시뵈니 반갑고 사모님과도 얘기나누었답니다 
공릉동에 오픈해 주셔서 감사합니다 
화랑대있을때의 박가네 낙지가 그리워셨던분들 517낙지 아구로 가시면 옛맛을 그대로 느끼실수있을거에요~~
맛난 낙지와 수제비를먹으니 기분좋은 하루 마무리 되었답니다 ㅎㅎ"
177,교촌치킨 공릉3호점,5,매장도 깨끗하고 맛있어요
178,교촌치킨 공릉3호점,5,맛있게 잘 먹었습니다^^
179,원조공릉곱창,3,"크게 맛있거나 맛없거나 하지않아요
볶음밥이야 늘 그렇듯 보장된 맛!^^"
180,원조공릉곱창,5,처음 왔다고 하니까 이것저것 알려주시구 계속 챙겨주셨어요 맛있게 잘 먹었습니다~
181,새우꺾기,4,
182,새우꺾기,5,
183,공릉옥,5,
184,공릉옥,5,
185,광성반점,5,간짜장 불맛 미쳤다. 탕수육도 좋았음. 음식 스타일이 완전 레트로 감성이다. 요즘 보기 힘든 난자완스까지 있으니 말 다함. 옛날에 부모님이 사줃시던 중국음식 생각난다. 아재 감성 저격임.
186,광성반점,5,"""볶은""밥이 땡기면 여기 강추. 진짜로 밥이 고슬고슬 해징때까지 볶아주셔서 일반 중화요리 집과 맛의 차이를 느낄 수 있으며 짬뽕 또한 맛있어요. 하지만 예전과 다르게 사장님도 연세가 있으셔서 간이 조금씩 세져요."
187,92생등심 공릉점,5,공릉점 고기 넘 맛있어요~~ 가격도 적당하고 가성비 짱이에요. 지난번 회식 때 먹어보고 넘 깜짝놀라 또 왔네요 ㅎㅎ
188,92생등심 공릉점,5,맛있어요 ㅎㅎ 가게도 깔끔하고 볶음밥도 굿!
189,뚜비뚜밥스,5,"이 가격에 이 퀄리티라니
오래 영업하셨으면 좋겠습니다"
190,뚜비뚜밥스,5,"싸고 양 많고 맛있는 집.
사람들이 가장 많이 주문하는 메뉴는 오므라이스.
+ 저는 갈 때마다 주문하면서 소세지빵도 꼭 같이 시켜 먹음."
191,국민소곱창 공릉점,5,"진짜 대박입니다. 지금까지 먹어본 소곱창가게 중 최고에요~~ 테이블 회전율이 좋아서 생간, 천엽도 싱싱하고 진짜 맛있고 친절합니다."
192,국민소곱창 공릉점,5,친절하고 싸고 맛있어요! 합겨억!
193,더맛나곱창,5,"맛남! 가격 저렴!
매우 좋음!"
194,더맛나곱창,5,양굿 맛굿
195,북촌삼대갈비 공릉점,5,"공릉역 앞에 있는 고기 집 중 가장 추천할만 한 집. 고기, 상추와 마늘 상태도 너무 신선하고, 주인 아주머니가 손님들 나가시고 엄청 꼼꼼하게 청소하시는 걸 보고 위생도 믿을만한 집 같음."
196,멕시카나치킨 공릉점,5,맛 있으면~최고죠~..근데..값도 싸군요~^^
197,멕시카나치킨 공릉점,5,"멕시카나 여기저기 먹어봐도
여기가 진짜 최고 ㅋㅋ

본가가면 여기 시킴"
198,바뱅이 공릉점,5,굿
199,불타는생고기 공릉점,5,가성비도 좋고 맛도 좋습니다
200,불타는생고기 공릉점,5,이동네 고기는 그냥 여기서 드세요
201,칠백집서울껍데기 공릉점,1,"고개 까우뚱, 개ㅇㅂ. 알바 ㄱ같은 건 처음 본 사람도 느낌. 그래도 사장님 아주머님은 착하신 듯. 그냥 다 갈아엎고 다시 시작하세요... (그래도 알바 안 바꿀 것 같아서 더 아쉽네요. 만수무강하세여...)"
202,칠백집서울껍데기 공릉점,1,늘 갈때마다 느끼지만 불친절해요
203,할매순대국,5,"국물을 우려내서 깊은 맛이 남. 
깍두기와 김치가 정갈하고 깔끔함."
204,할매순대국,5,순대국은 여기만
205,히딩크의추억,5,"여기서만 먹을수 있는 맛!
공릉에서 로컬은 여기지"
206,히딩크의추억,5,노원구 아니 서울권 오겹살집 중 손에 꼽히는 고깃집이에요. 개 두꺼운 돌판에 굽는 돼지고기 맛 알죠?? 튀기듯이 굽는 오겹살 사람 미치게합니다. 그리고 농사지어서 보내주시는 농산물로 직접 만드시는 반찬이 끝내줘요 진짜. 아니 진짜 요리 잘하시는분이 왜이렇게 많지? 아
207,일번지 국수,1,"진짜...식당에서 이상한 냄새가 너무나고
단골들의 큰목소리 때문에 정신사나움ㅠ 이상한 냄새나는게 제일 큼ㅠ 아 진짜 못 가겠어요 다신"
208,씬머이,5,"공릉찐맛집, 제가 먹어본 베트남요리 중 젤 맛있어요!
외국음식 잘 못드시는 부모님이랑 갔는데 반쎄오, 쌀국수곱빼기, 분짜 싹싹 비우고 다 잘드셨어요
친구랑 와도 좋고 가족이랑 외식하기도 좋은 맛집입니다
서빙하시는 베트남 직원분도 친절하세요"
209,씬머이,5,"마싯어유... 근처 쌀국수 중이 젤 나아유
고향가신데니 참고하셉유??"
210,샐러디 태릉입구역점,5,사장님 너무 친절하시고 샐러드도 맛있어요! 다른지점은 안가봐서 모르겠지만 양도 한끼 식사로 충분합니다. 우삼겹 웜볼(사진) 너무 맛있어요~~ (원래 양파 토마토도 올라가는데 제가 뺐습니다)
211,샐러디 태릉입구역점,5,친절하구 좋아요
212,롯데리아 공릉역점,1,고깃집인가? 사람도 없는데 햄버거 만드는데 20분이나 쳐걸리냐
213,롯데리아 공릉역점,5,
214,한근숯불닭갈비,5,여기 진짜 맛있음숯불닭갈비
215,한근숯불닭갈비,1,"맛이 그저 그렇네요. 그냥 무난한 가격, 맛이면 별3점은 주겠는데 
위생이 심각하게 별롭니다. 더러워서 먹을 맛이 하나도 안 나네요.
숯불구이 굽는데는 자주 닦으셔야죠."
216,서오릉피자 공릉점,5,"여기 토핑 정말 푸짐하네요
가격도 정말 저렴한데 포장하면 더 저렴해지구요"
217,서오릉피자 공릉점,5,요일할인 맞춰서 잘 가면 맛좋고 싸게 먹을 수 있어여
218,불사조,4,
219,불사조,1,맛도 별로인데 불친절하기까지 함. 이런거 왠만하면 안남기는데 너무 빈정상해서 남김.
220,백소정 공릉점,1,
221,백소정 공릉점,1,뭐 일단 사람이 많아서 서비스는 기대하지 마세요 그리고 사람이 많다고 맛있는건 아닙니다 진짜 배고팠는데 사이드로 나오는 떡이 제일 맛있었네요
222,석천숯불갈비,5,손님이 많은 집은 이유가 있다
223,석천숯불갈비,3,전체적으로 맛있음 밑반찬도 맛있음 가격은 싸진 않음 무엇보다 가게직원인지 사장님인지 손님들 많은데 테이블에 앉아서 엄청 큰소리로 수다떨고 있고 서빙하는 직원 마스크없이 주문받고 돌아다님 마스크써야한다는 생각자체가 없음
224,핏짜굽는언니 공릉점,2,"불친절.
메뉴대비 가격 비싼편
그리고 불친절"
225,핏짜굽는언니 공릉점,3,맛은 있어서 가끔 가는데 데스크 직원들은 늘 불친절함 4명이서 갔는데 피자 7조각 나와서 황당했음. 피자가 7조각 나온건 워낙 이례없는 일이라 사진 찍을 생각도 못했다ㅋㅋ 그리고 빠네 빵 자르라고 가위 주셨는데 뭔 문구점 가위 같은걸 주셔서 어이 없어 실성함ㅋㅋ 핑킹가위 안 준 걸 다행으로 여기는 중??
226,뭉탱이공릉숯불생고기,5,
227,뭉탱이공릉숯불생고기,1,"소고기 먹다가 수세미 나왔는데 불판 닦다가 나올 수 있는 거라며 죄송하다 한마디 하고 끝!
먹다 입맛 떨어져서 나옴."
228,싹쓰리솥뚜껑김치삼겹살,4,고기 산선하고요 특히 알바생분이 알려주신대로 먹으니까 정말 맛있네요 둘이서 만족스럽게 먹었습니다 :)
229,싹쓰리솥뚜껑김치삼겹살,4,예전부터 다니던 곳인데 머 그럭저럭 먹을만합니다.
230,싹쓰리솥뚜껑김치삼겹살,4,고기 산선하고요 특히 알바생분이 알려주신대로 먹으니까 정말 맛있네요 둘이서 만족스럽게 먹었습니다 :)
231,싹쓰리솥뚜껑김치삼겹살,4,예전부터 다니던 곳인데 머 그럭저럭 먹을만합니다.
232,족발야시장 공릉점,5,왜 1점임
233,족발야시장 공릉점,1,별로
234,더줌,5,
235,소문난기사식당,1,"안녕, 소문난기사식당
-----
2021.09.12
영업시간 21시까지니 참고하세요.
10시까지인줄 알고 갔다가 추가 밥 없어서 기본 돌솥밥에 메인 메뉴랑 반찬만 먹고 나와서 아쉽...ㅠㅠ
------
2020.06.21
다들 모르시겠지만 여긴 삼겹살 맛집임."
236,소문난기사식당,4,
237,마포생고기,5,"맛있습니다 
공릉동에 이만한곳이 없네요"
238,마포생고기,5,"7년째 이용중인 동네주민 찐리뷰 입니다
저는 가족 외식있거나 고기땡기는날 가요
개인적으로 가격 맛 서비스 괜찮구요
저희 가족은 주로 갈비먹고
항상 된장찌개 포장해갑니다
주차장 넓어서 주차편해요"
239,북한강민물고기매운탕,4,"빠가사리매운탕 맛있게 먹었어요.
빠가사리가 제법 많이 들었구요.
반찬은 별로였지만
동치미 각자 따로 주어 좋았습니다"
240,북한강민물고기매운탕,5,영롱한 매운탕..얼큰하니 맛있어요
241,싱싱오징어바다 과기대점,1,코로나 횟집
242,싱싱오징어바다 과기대점,1,코로나 횟집
243,아이엠돈까스,3,예전에는 진짜 맛있었는데 최근에 가니깐 맛이 좀 달라지고 양도 줄어서 좀 슬펐어요...ㅜㅜ
244,아이엠돈까스,1,"혼자왔다고 했더니 ‘하하하핫’ 하고 웃으시네요. 기분 나빠서 안갈래요 하하하핫
아, 그리고 맛도 별로에요 소스가 엄청 짠데 고기는 얇아서 소금국 먹는 맛이에요
비싼 가격에 비해 양도 많지 않아서 가성비도 별로에요 맛이라도 있을줄 알았더니^^"
245,참맛감자탕,5,"공릉동에서 제일 맛있다는 분의 말에 찬성합니다.  감자탕도 맛있고, 무김치, 겉절이김치도 맛있어요."
246,참맛감자탕,5,"뼈해장국 진짜 맛있어요 진짜만족스러웠어요
짜지도 않고 싱겁지도 않고 잡내도 없어요
음식나오는데 시간이 좀 걸리지만 찐맛집이에요"
247,중국집,1,짬봉 파리나옴 프랑스음식점인듯
248,중국집,1,
249,중국집,5,짜장면 곱 6500원 
250,전봇대연탄불막창구이,5,맛 있네요
251,전봇대연탄불막창구이,1,맛은 그럭저럭 괜찮은데 바쁘면 볶음밥 주문이 안되는 이상한 가게. 말투도 표정도 불친절해서 다신 안갑니다
252,김용희참치,1,"저 게 57.000원×2인분 이라고 나온겁니다
내가 참치를 먹으러 다녀본 집 중 최악이었습니다
장사를 할 생각이 없고  그냥 오다가다 손님
걸려들면  바가지를 씌우겠다는 심뽀가 아니고서야 저렇게는 못하지요"
253,김용희참치,1,"최악의 참치점
배달의 민족이 37000 이라나 모라나
직접 매장 가서 매뉴판에는 35000 원 해놓고
당신이 전화 통화 하느라  이야기 못했다 하고 다 포장되었다고 37000 원 내라 해서 
이거 좀 그러네요 하니까
그러면  안팔아도 되니 그냥 가세요 라고 하네요

동네 장사 잘되면 파는 사람이 갑인 음식점 ㅎㅎㅎ

주변에 좋은 참치집 많으니 다른데로 가세요

결국 주문 취소 하고 갑니다
만들어진거는 시간지나 다른데 배민으로 가겠죠 ㅎㅎ"
254,모녀바지락칼국수,3,"평이 너무 좋아서 가봤는데 그저그래요..
팥칼국수, 바지락 칼국수 먹어봤는데 둘 다 밍숭맹숭 짜게 먹는 편 아닌데도 밍숭맹숭 하네여
못먹을정도는 아니고 무난한데 감칠맛이 부족해서
저는 재방문의사는 없어요.."
255,모녀바지락칼국수,5,"너무 맛있게 먹었어요! 맛도 깔끔 가게도 깔끔해서 다 좋았습니다. 청국장이랑 팥칼국수도 진짜 맛있었고, 비빔밥에 고추장이 같이 안나와서 좋았습니다! (고추장 옆에 따로 구비 ㅇ) 다음에 칼국수 먹으러 또 갈게요!"
256,곰실집,5,
257,신미방,5,"하..진짜 맛있어요..
긱사생인데 본가 가서 마라탕 잘 안먹고 여기와서 마라탕 먹어요ㅎㅎ
오랜만에 시켜먹고 세상 만족해서 주접 떨고 싶어서 신미방 장점 적고 갑니다.??
- 양 엄청 많음
- 특정 재료만 많은게 아니라 전반적으로 다 많음
- 중국당면 한번 추가했는데 두번 추가한줄 알았음
- 심지어 당면에 간 진짜 잘 배여서 촉촉하고 맛있음
- 설탕 입혀서 겉바속촉된 존맛탱 고구마맛탕 줌
- 배송도 빠름
- 쿠폰10장모으면 꿔바로우도 먹을 수 있음 
- 국물이 진짜 중독적인 맛.. 계속 생각남 
등등.. 아직까지 먹으면서 부족하다고 느낀 건 없었습니다~! 잘먹었습니다:)"
258,신미방,5,배달로 자주 시켜먹는 곳이에용 ㅎㅎ
259,BBQ 태능입구역점,5,"새건물이라 깔끔하고 쾌적합니다
직원분들 친절하시고요"
260,공릉우동집,3,김밥에 햄이 없는건 너무한거 아니냐고~~
261,공릉우동집,1,음.. 그냥 우동이고 특색 전혀없어요. 점심시간에 갔는데 위생도 많이 아쉬웠습니다.
262,도리연닭도리탕 공릉점,4,"공릉동 닭 요리 중 최고봉
떡사리 우동사리 ??필수
칼국수사리 볶음밥 ??조금 추천"
263,도리연닭도리탕 공릉점,4,맛있게 잘 먹었지만! 다른 식당 닭갈비를 더 맛있게 먹어서 그곳에 5점 주려고요. 같은 '닭 요리'에 구분을 주기 위함입니다.
264,공도,3,"맛집이라고 할 만한 곳은 아니에요 뭔가 홈메이드 느낌 그래도 가격이 비싸진않고, 분위기 좋아요"
265,공도,2,"오랜만에 방문했는데 가격은 오르고 음식전체 퀄리티는 다운그레이드...ㅠㅠ 예전맛을 알아서 그런지 실망이 너무너무 컸습니다.. 너무 좋아하던곳이라 친구들에게 항상 소개시켜주는 맛집이었는데, 이번방문엔 친구에게 미안할정도였네요. 파스타에 식빵두쪼가리ㅎㅎ.. 짜고 이상한 라면스프?맛이 난 크림파스타였어요. 해산물로제/만조크림파스타 너무 그립네요ㅠㅠ 차라리 가격을 더 올리더라도 음식 퀄은 유지하셨으면 어땠을까 싶네요"
266,서울감자탕,3,"맛은 무난
주방 아주머니가 마스크를 안쓰시고 있는게 보여서 먹는데 불편했습니다"
267,서울감자탕,1,"(왼쪽사진이 최근 갔을 때고 오른쪽 사진이 예전에 갔을 때입니다.)

뼈해장국 7천원

최근 갔을 때 두 덩이 다 고기가 없었습니다. (마치 누가 먹고 남은 형태네요) 젓가락으로 바를 살이 없어서 사장님께 말하니 저번에는 운이 좋아서 살이 많은 거니 그냥 운 안좋은줄 알고 먹으라네요. 계속 따지니 결국 뼈 하나 더 주시긴 했지만 태도에 기분이 너무 나쁩니다.

운으로 식사하고 싶지 않아서 2천원 더 줘도 옆에 다른 감자탕집 가렵니다."
268,도요남,5,"분위기 , 가성비 , 맛 다 최고에요..! ?? 
하이볼 진짜 짱짱맛집 ㅎㅎ 플레이팅도 너무 이쁘고, 항정살 먹자마자 헐 진짜 맛있다.. ㅎ 있는 내내 기분 좋고 즐거웠습니다 ?? 제 최애 맛집 등극 ?? 또 갈께요!"
269,도요남,5,너무 맛있어요 진짜!!
270,개기일식,5,"기본이 잘 잡힌 곳입니다.
좋은 재료가 실력 있는 요리사를 만나서 완성됩니다."
271,개기일식,4,
272,세상만사뼈다귀 태능역점,3,동네에 있는 캐쥬얼하게 자주 먹을만한 감자탕집 입니다~
273,세상만사뼈다귀 태능역점,5,존맛탱
274,원조이모네연탄불곱창,1,접객 막하고 가격 비싸려면 맛이라도 있어야지 더이상 갈 이유가 없어졌다
275,원조이모네연탄불곱창,1,직원들은 잔소리꾼 이모들이지만 사장할머니가 문제에요. 스트레스 쌓인날 눈에 난 손님들은 그날 잘못걸린겁니다. 불친절을 넘어선 분풀이를 하는데 집에 우환있나? 싶고 개인적인 스트레스 손님들한테 풀려고 장사하는것같다. 정신없는 식당에서 친절같은거 바라지 않는다. 근데 인간이라면 어디서든간 인간끼리 기본예의는 지켜야하는것 아닌가? 허름한 막창나라의 왕인줄알았다. 손님들 뭐같이 보는 집을 왜팔아줘요
276,가장맛있는족발 공릉역점,1,족발이 질겨요 ㅜ 난 족발왕인데 ㅜ
277,가장맛있는족발 공릉역점,5,
278,쌍둥이가원양꼬치,3,괜찮은 정도
279,쌍둥이가원양꼬치,5,"고기 질도 좋고 맛있어요
특히 꿔바로우는 여기가 제일 맛있어요!!
추천해요"
280,본죽&비빔밥cafe 공릉원자력병원점,5,
281,본죽&비빔밥cafe 공릉원자력병원점,5,
282,가마솥왕족발,5,"양도 많고 잡내도 없고 정말 맛있어요
개인적으로 비계 많은 부위를 좋아해서 전족을 골랐는데 고기가 사르르 녹네요"
283,가마솥왕족발,5,최고에요
284,쭈꾸미도사,4,가끔가는데 지만 맛있음..
285,쭈꾸미도사,1,"여기는 알바가 바뀌어도 여전히 참 불친절함!
맛은 SO SO!
근처에 쭈꾸미집이 없어서 쭈꾸미 생각날 때 가끔 가는데
올 때 마다 후회함. 이런 대접 받으며 쭈꾸미를 먹어야하나...
기다리는 손님 없이 그냥 기본 테이블에 손님 차 있는데
바빠하면서 짜증 냄! 
참고로, 볶음밥 쌀은 안남미 같아요."
286,삼남매한식뷔페,1,
287,삼남매한식뷔페,5,11시30분 오픈 시간에 가면 좋은 뷔페
288,유리네떡볶이,5,"매콤달콤한 옛날 떡볶이 먹고싶을 때 자주 갈것 같아요 맛있어요 ㅎㅎ
사장님 서비스도 최고입니다 :)"
289,유리네떡볶이,5,"중학교때부터단골입니다. 여태댱겨요~~
요기찐맛집입니당!!!"
290,다선정,4,집밥이 먹고싶다면 여기 괜찮아요.
291,떡참 노원공릉점,1,가게앞에서 항상 담배를 열심히 피시는.. 위생상태가 걱정되는 가게
292,떡참 노원공릉점,5,"사장님 너무 친절하시고 맛있어용!!
로제떡볶이+순살치킨 추천이요 ㅎㅎ"
293,교촌치킨 공릉2호점,5,최고입니당
294,교촌치킨 공릉2호점,1,"교촌허니오리지널
육포입니다 닭육포"
295,마인하우스,5,"진짜 최고... 그저 갓...
가격도 너무 착하고 양도 많고 너무 맛있어요....
학교 열심히 다닐때는 무조건 일주일에 한번은 갔네요

홀 봐주시는 분도 너무 친절하시고 아무래도 혼자라서 피크 타임때는 조금 시간이 걸리기도 하지만 그거 다 기다리고 먹을만큼 맛있어요!!

4명 이상 가면 사리 서비스 주시는거 너무 좋습니다 ㅎㅎ"
296,마인하우스,4,
297,온달네,4,"칼국수에 보쌈 시켜서 같이 먹으면 너무 맛있어요...
아쉬운점은 자주 갈 수 있는 가성비 식당은 아니라는거ㅜ"
298,온달네,5,설렁탕은 평범한데 칼국수 국물 감칠맛이 미쳤습니다.
299,쉐프의그릴,5,식사메뉴만 먹어봤는데 가성비랑 맛 좋습니다!!
300,쉐프의그릴,3,
301,수제간장치킨깨비닭,5,"여기 엄청 깔끔함
맛도 깔끔함"
302,수제간장치킨깨비닭,4,좀 짜긴한데 바삭하고 맛있었어요
303,쌤닭,5,"아주맛있는집이에요~ 아이들이 너무좋아하네요
ㅎㅎㅎㅎ 일주일에 두세번씩은 가는거같습니다!!
최고!! 오늘저녁에도 갈 예정!!! 맛집!!"
304,쌤닭,4,사장님 친절하고 치킨은 작은사이즈
305,에그머니,3,
306,에그머니,5,"가게가 좁아서 테이블이 많이 없지만 웨이팅까지 할만한 곳인것 같아요!

처음에는 명란오믈렛이랑 너무 안맞아서 힘들어했지만..
다른 오믈렛들은 진짜 너무 맛있어요..!!!

그리고 함박스테이크!!
여긴 진짜 함박 맛집입니다.
오믈렛 먹어도 무조건 미니 함박 추가해서 드세요!!!

가격도 그렇게 비싸지 않고 양은 혜자에다가 맛까지..
태릉입구역에 볼 일이 있다면 무조건 가봐야 할 맛집.."
307,피자플래넷 태릉점,5,과기대에선 여기가 제일 맛있는거같네요.
308,피자플래넷 태릉점,5,맛있어요!!!
309,춘천닭갈비 서울과기대점,5,베리굿굿
310,춘천닭갈비 서울과기대점,5,공릉의 자랑. 여기너무맛나요.
311,홍성아줌마 추어탕순대국,1,순대국 잡내 너무 많이 나요.. 다 남기고 옴..
312,비스트로 무크,5,"양이많고 가격이 합리적이네요
튀김도 맛얐어요"
313,비스트로 무크,3,"사시미 기대이하.
물컹한 식감에 숙성회특유의 감칠맛이 전혀안느껴짐"
314,반올림피자샵 서울하계공릉점,5,통마늘불고기 존맛탱
315,반올림피자샵 서울하계공릉점,5,배달도 빠르고     피자맛이 좋네요
316,고윤김밥,3,"맛은 있는편인데 김밥 맛집중에서는 평범하고, 사장님이 소액 카드결제는 안받으려고 하세요"
317,고윤김밥,1,여자사장님 기본적인 매너가 없습니다 카드밖에없어 현금유도하시고 계좌이체 했는데 아무튼 기분이 안좋으신지 기분나쁜티를 많이내시네요ㅠㅠ
318,피자하우스,5,"맛있어요! 피자 2판해서 28,600원이었는데 값어치를 하는 맛입니다. 토핑 많은 걸 좋아해서 너무 비싸도 브랜드 피자 먹었었는데 이제 여기로 갈아탑니다."
319,샹츠마라,1,가게에 쥐가 다녀요....
320,샹츠마라,5,
321,밥은화,5,
322,밥은화,5,"가성비 정말 좋아요 맛도 괜찮아서 재방문 여러 번 할것 같아요!
제가 먹은건 제육덮밥+밥 추가+스팸인데 직화라 불향 나서 좋았어요 밥 추가는 정말 많이 드시는분 아니시면 안하셔도 돼요 양 정말 많아요"
323,닭사랑,2,"다 좌식이라 불편하고, 양도 생각보다 적습니다. 맛은 쏘쏘.."
324,닭사랑,5,닭칼국수 먹었었는데 국물맛이 아주 좋아요
325,명문대,5,해물찜양 어마어마 밑반찬 맛있음
326,명문대,2,믿반찬으로 밥 한그릇 뚝딱이라는 아랫글에 내심 기대했었는데 딱히 즐길만한건 없던데
327,만두장성,3,고기만두 개인적으로 맛 괜찮아
328,만두장성,1,"소문난 만두집이라는데 갠적으론 가격대비
그냥저냥~먹는데 자꾸 씹혀서 고기힘줄인가
꺼내보니 헝겊쪼가리 인듯~
먹는거니 위생에 신경 써주시길..."
329,BHC치킨 공릉역점,1,"늦은 시간 주문하자 시커멓게 탄 거 보냄. 리뷰 보는데 다른 사람 후라이드는 노란데 내 건 까만색임. 별점 낮은 리뷰 보니 간간이 후라이드 탔다는 글 보이는 거로 봐서 후라이드를 잘 못 하시나 봄. 한 입 물자 다 탄 쓴맛이랑 기름 쩐 맛 남.

리뷰 남겼는데 다음날 낮까지 확인을 않기에 전화하니 알바생이 서툴었다 환불해드리겠다, 시간 좀 걸리니 기다려달라 해놓고 그보다 하루 더 지나서까지 환불 안 됨. 그 사이 리뷰에 답글은 잘만 닮. 환불 언제 해주시는 거냐고 문자 다시 보내자 기다리게 해서 죄송하다거나 그런 답장 없이 돈 띡 보냄. 언쟁하기 싫어서 뒀는데 불쾌했음."
330,BHC치킨 공릉역점,1,직원인지 점장인지 싸가지없음 개나소나 돈만주면 본사에서 가맹점 내주니까 직원 교육꼬라지가 저모양이지 기본적인 고객응대 마인드가 매우 부족
331,응급실국물떡볶이 서울공릉점,1,"밍밍하고 일하시는분 마스크 벗고 계시고
먹고있는데 갑자기 향수 뿌리셔서 떡볶이를 먹은건지 향수를 먹은건지 모르겠네요 허허"
332,응급실국물떡볶이 서울공릉점,5,엄청 친절하세요! 상계점에서 너무 불친절하게 전화받아서 여기로 주문하고 받으러 왔는데 기프티콘 사용방법도 친절히 알려주셨어요 ㅎㅎ 떡볶이도 맛있게먹었구요 감사합니다
333,장터솥단지삼겹살,5,6천원 뷔폐 진짜 개혜자에요 앞으로 자주 갈 듯!
334,장터솥단지삼겹살,5,6000원 점심뷔페의 가성비는 이 근처 어느 식당도 따라가지 못함
335,맥도날드 과학기술대점,5,자주 애용합니다아
336,맥도날드 과학기술대점,5,"학교랑 가깝고 맛도괜찮은데 리뷰가 왜이렇게 나쁜지는 잘 모르겠네여,,"
337,디에트로,5,분위기 너무 좋은 곳.. 후식 아이스크림도 특이하고 맛있었고 스테이크도 좋았습니다
338,디에트로,5,
339,깨비순살닭강정,5,강정 튀김옷이 진짜 바삭바삭하고 양념 간도 딱 좋아요. 맛있어요!
340,깨비순살닭강정,5,맛있어요 !  도시락도 삼삼하니 좋았어요
341,치킨이어라 공릉점,5,치킨 먹고 싶을 때 항상 포장해 먹습니다. 야채 순살이 특히 맛 있어요!
342,치킨이어라 공릉점,1,"13000원 간장치킨에 5000원 똥집. 치킨은 튀겨놓은지 오래되어 질기고, 똥집은 무슨 바 안줍니까? 양 진짜.. 알바인지 사장인지 똥집반에 치킨달라니까 튀겨놓은 치킨에 똥집 주면서 이만천원 결제하고.. 그냥 다 최악이었습니다."
343,지동 공릉2호점,5,
344,지동 공릉2호점,5,"10년 넘은 본점이랑 똑같은 맛이네요.
자극적이지 않아서 제 입맛엔 잘 맞아 잘 먹고갑니다.
볶음밥 필수"
345,무봉리토종순대국 공릉점,3,너무 비싸고 맛은 평범 9000원 치곤....
346,무봉리토종순대국 공릉점,5,맛은 있네여
347,맛닭꼬 태릉입구역점,5,"여기 맛도 좋은데 직원들이 너어어어무 친절해요! 
매번 오고싶어요ㅎㅎㅎ"
348,맛닭꼬 태릉입구역점,5,"도대체 치킨 가격이 비싼 이유를 모르겠네??
항상 오고 싶은 곳!"
349,떡볶이에밥볶아,5,"너무 맛있어요 ㅠㅠㅠㅠ 우엉튀김 최고...!! 자극적이지 않고 양념과 재료 조화가 너무 좋고, 특히 밥 볶아주시는 거 정말 맛있습니당 ㅎㅎㅎㅎ"
350,떡볶이에밥볶아,5,
351,고소미부엌 태릉입구역점,5,너무 너무 너무 맛있어요. 비싸다고 생각했는데 김밥크기 보고 바로 끄덕끄덕
352,고소미부엌 태릉입구역점,5,공릉동 최고 맛집이에영..... 진짜 왕크니까 왕맛있고 왕조으다!!!!!!!!! 키토김밥 꼭 먹어줘야해요 ??
353,수카츠,5,근처 들릴 일 있으면 여기 추천합니다 퀄리티가 좋습니다 돈까스 하나는 흠잡을데 없다고 생각합니다
354,수카츠,5,거를타선이 없음. 나만 알고 싶은 맛집이지만 더 유명해져서 우리동네에도 체인점내길 기원합니다.
355,수준이다른치킨,5,가성비 쵝오
356,수준이다른치킨,5,빠삭킹 저렴하고 너무 맛있어요오
357,울림초밥,3,"뭐 초밥이 다 비슷하지만 치즈새우초밥 맛있네요 
혼밥"
358,울림초밥,5,진짜 친절하고.. 맛있어요!! 가성비도 좋고 혼밥하기도 좋아요 ㅎㅎㅎㅎ
359,포메인 태릉입구역점,1,비싸기만하고 사장으로 보이는 아줌마는 너무 불친절함 표정이나 말투나ㅋ
360,포메인 태릉입구역점,2,맛은 괜찮은데 가격이 너무 올랐네요. 이 가격에 과연 먹어야 하는지... 고민 될 정도. 직원분들 서비스는 그냥 보통.
361,돔펠리체 (휴업중),5,가성비최고 맛집
362,돔펠리체 (휴업중),2,
363,르번미 태릉점,5,"쌀국수도 맛있고. 반미가 특히 맛있어요!!
알바생 남직원분 친절하고 싹싹했음
기본적으로 사람이 많은데 혼자일하고있어서 정신없어 보이긴했네요"
364,르번미 태릉점,5,"여기 맛있고 깔끔해서좋음. 
국수한그릇 시켜먹으면서 갑이라도 되는양 되도않는 친절 타령하기싫고 오로지 맛과 음식의 퀄리티만 놓고 판단하고싶은.. 그런면에서 좋아하는집. 양이 조금 적어서 양만 조금 늘려준다면 불만없겠음."
365,이가참치,5,너무 맛있습니다. 이가참지가 최고예요 ??????????
366,이가참치,5,베스트. 다 좋아요.
367,엄마마음점심한끼,5,
368,이삭토스트 태릉입구역점,5,여기 정말 맛있고 친절한데 별점 테러되어있어 안타깝네요. 다른 말 필요없이 퇴근 길에 사람 몰리면 기다려 먹어야 하는 곳이에요.
369,이삭토스트 태릉입구역점,1,갈색 머리 직원님! 본인 실수로 두번 결제됐으면 변명이 아니라 사과부터 하시는게 예의입니다.
370,리틀파스타 공릉본점,4,"사진이 진짜 이상하게 찍혔지만...ㅜ
이 주변에서는 가장 가성비 좋은 양식집인것 같아요!
맛도 괜찮고 가격도 착해서 자주 가는 식당 중 하나!

세트메뉴도 알차게 구성되어 있는데 메뉴 하나당 양이 좀 적어서 인당 메뉴 하나씩에 다같이 먹는 피자 시키는거 추천합니다."
371,리틀파스타 공릉본점,3,"해산물 파스타 먹었는데 재료 풍성해요 맛은 조금 슴슴하고 느끼해서 아쉬웠어요 
음료수 무한리필인 점도 좋았습니다"
372,멍텅구리즉석떡볶이 공릉점,5,
373,멍텅구리즉석떡볶이 공릉점,1,맛도 없고 가걱도 그닥. 예전엔 괜찬았음. 지금은 비추
374,홍가부대찌개,3,"전형적인 맛있는 부대찌개맛...
근데 공기밥 따로 돈 받으면서 남자 여자 공기밥 양 다르게 주심 얼탱이없어요
3분의 2만 주실거면 700원만 받으셔야죠"
375,홍가부대찌개,5,"정말 오랜만에 먹어본 부대찌개였는데 학교앞이라 그런지 가격도 부담없고 친절하고 무엇보다 맛이 훌륭하더군요. 어른 둘에 아이 하나가 부대찌개 소를 시키고 라면사리, 두부사리에 밥 세개 시켰는데 양도 너끈하더군요. 애가 매운 것도 잘 먹는다고 칭찬해주셨는데, 사실 거의 안 매웠어요. ㅎㅎ 아주 맛있게 잘 먹었습니다. 또 갈 게요."
376,바른치킨 공릉점,5,
377,청교옥,5,"항상 특곰탕에 소주한잔 하고 만족합니다 

고기양을 보면 건물주의 위엄이 느껴지고 깍두기 진짜 맛있어요"
378,청교옥,2,"곰탕 3점 물냉면1점 비냉1점 
반올림해서 2점 드립니다 알바댓글인지 뭔지 5점 평점 왜이리많지??"
379,사나이뚝배기 서울과기대점,5,
380,사나이뚝배기 서울과기대점,5,맛고 가격대비 좋고 무엇보다 밥이 무한리필 되는데 상태가 다 좋아용! 직원분도 친절하시구요. 제 든든한 밥집 입니당!
381,지지고 과기대점,5,가성비 좋고 사장님이 친절하셔요
382,지지고 과기대점,5,영업시간이 더 길지 않아 아쉬울 뿐입니다 친절하시고 맛있어요
383,나보나,5,"최근 먹은 파스타 중 가장 맛있었어요
양도 많은데 맛있어서 진짜진짜 맛있게 다 먹었어요
만조피칸테는 강추다 크림인데 안 물리고 고기가 씹혀 맛있고
멜란자네는 가지도 치즈도 잘 어울렸어요
토마토소스 그닥 좋아하지 않는데 여기서는 소스퍼먹었어요
부채살 스테이크는 2만원대인데 가성비도 맛도 미쳤어요
겉바속촉 스테이크에요 무조건 공릉가면 또 갈 예정이에요"
384,나보나,5,오랜만에 이탈리안 음식이 먹고 싶어서 갔는데 너무 맛있게 잘 먹고 왔습니다ㅎㅎ 스테이크 진짜 부드럽고 어떻게 구우신건지 겉바속촉이었어요~ 파스타도 소스가 진하고 살짝 매콤한 맛 때문에 느끼하지 않아 좋았습니다. 다른 메뉴도 먹어보고 싶어서 조만간 또 방문하려구요??
385,하랑이네,5,별 5개가 최대인가요? 휴.... 몇일째 연속방문인지 모르겠네요 너무 맛있습니다 먹다가 울뻔
386,산들바다,1,비싸고 불친절하지만 장사 잘되는 이상한 집
387,산들바다,1,"다른 분들이 불친절하다는 이야기를 하셨는데 정말 그렇네요. 아이는 데리고 가지 마세요. 아이 때문에 정식 말고 다른 메뉴 하나 심지어 두배 비싼거 시키니 안된다고, 그럴려면 한명 빼야하니 테이블 줄이라고 하시네요. 음식은 보통입니다. 곤드레밥 23,000원 주고 먹기엔 돈 아깝고 직원이 하는 짓거리 생각하면 최악입니다.
절대 다시 가지 않습니다. 특히 주문받는 목소리 걸걸한 여자분. 사장 아니면 사장님 이분 때문에 장사 망할 수도 있습니다. 참, 서빙하는 로봇 때문에 거의 반 셀프에요."
388,참만나,5,30년간 다닌 우리가족 맛집
389,참만나,3,"고기는 맛있어요.
숯불향이 나서 다른 갈비집보다  맛있게 먹었는데
서비스 부분에서는 조금 불편했네요

바쁘신건 알겠지만 약간의 요구사항은 기분좋게 웃으시면서 서비스 해주셨음 좋았겠다 싶네요^^"
390,아소코 공릉점,1,물가 오른건 알겠는데 차라리 가격을 더 올리세요 갈 때마다 같은 메뉴 시키는데 양 줄고 퀄 주는게 다 보이네요..
391,아소코 공릉점,1,"사람도 얼마 없었는데 주문 잘 받아가서 리스트도 주방 앞에 꼽아놨는데 30분동안 음식 안나오길래
언제나오냐고 물어보니 그제서야 주문 했냐고 물어봄 ㅎ 

주문 받아간 사람이 그말하니 어이가 없어가지고 나간다고 하니까
슬슬 웃으면서 죄송하다고 이러는데 참..

분명 테이블에 아무것도 없는거 지나가면서 다 봤을텐데 그걸 누락한다는게 어이없고 화딱지가 나네요

이래놓고 들어온지 30분 거의 다 됐을때 들어온 손님꺼는 바로 음식 나오고 진짜 대별로였음
예전기억이 너무 좋아서 간건데 최악이 됐네요"
392,달토끼의떡볶이흡입구역 공릉점,5,투움바 떡볶이 존맛.. 할인 기간이라고해서 싸게 먹었네요
393,달토끼의떡볶이흡입구역 공릉점,5,투움바 떡볶이 최강.. 여지껏 먹던 떡볶이 맛은 잊으세요. 생소한 이름이라 뭔가싶어 시켜봤는데 최고네요
394,세겹먹는날,2,대학가 앞에 있을 법한 가성비 식당. 상차림이 푸짐하지만 냉동 삼겹이라 질기고 냄새 납니다.
395,세겹먹는날,5,
396,김치만선생,5,맛나요 음식 가격도 대학가 가격
397,김치만선생,1,보통 가격에 좋지않은 구성과 맛
398,곱창마루,5,"알곱창, 야채곱창 맛있어요 볶음밥까지먹으면 완성"
399,곱창마루,5,"막창양념과 순대곱창 오돌뼈등 너무 맛있어서 식구들과 자주 가서 먹는집이에요.마지막에 시키는 볶음밥도 맛있어요.여사장님이 양도 많이 주시고 반찬으로 주시는 김치볶음이랑 콩나물무침,계란국도 맛있습니다."
400,숲속왕돈까스,4,가성비가 좋고 여사장님이 엄청 친절합니다 자주가는 곳이예요
401,숲속왕돈까스,4,"진짜 가격도 착하고
옛날식 왕돈까스도 맛있고, 알밥도 맛있어요
운동 후에 검색하다 찾았는데~
학생들 가기에 부담없이 좋아요!
분위기 이런거 보다 실속형 맛집!!!"
402,추운돼지삼겹살 공릉점,1,삼겹살 양 적은건 감안하고 집근처라 몇번갔는데 저희 갔을때 직원분들 다같이 식사하고 계셨고 회식같은 분위기였습니다. 그것 또한 당연히 상관없었는데 저희테이블만 남았을땐 없는 손님마냥 소리지르시면서 놀고 무슨 토하는 시늉을 5분간 계속 하셔서 입맛 떨어져서 나왔습니다. 둘이서 8만원 어치 먹고 나왓는데 돈 아깝고 다신 안가려구요.
403,추운돼지삼겹살 공릉점,1,
404,공덕관,3,짜장면은 괜찮은데 탕수육은 별로예요 ㅠ
405,공덕관,5,가성비 좋고 맛있어요.
406,맘스터치 과기대점,4,음료빨때 모든 손님들 손에 닿게 꼽아져있는 것 빼면 매장 넓고 괜찮았습니다 대기번호 띄우는 티비가 커서 멀리서도 잘보여요
407,맘스터치 과기대점,1,Not fast food
408,60계 서울공릉점,1,"생각보다 닭이 푸석푸석함.. 너무 튀긴느낌
조각이 많이나있어서 치킨 쪼가리 준 느낌이 컸음.
아마 또 시켜먹진않을듯"
409,60계 서울공릉점,5,
410,옆집떡볶이,5,
411,요거프레소 공릉2호점,5,갈때마다 사장님 너무 친절하세요~~! 알바생들 있어도 직접하시는 모습 보기 좋았습니다 젠틀하신듯^^요거프레소 와플 처음 먹었는데 애기들두 좋아하고 무엇보다 생크림도 듬뿍에 맛있었어요!! 찐단골할게용~ 아 오전에 일하는 단발머리이쁜언니도 너무 친절하시다며 ㅎㅎ 얼굴도 이쁘셔서 매장에서 인기많으실거같네요^^ 아무튼 더 번창하시길 바래용~~ 자주 가도록 할게요!!!
412,요거프레소 공릉2호점,5,"생각지 않고 마트 장보다 들렀는데 
참새방앗간 처럼 찾게 되네요 ^^ 

아아만 즐겨 마시지만 권해주는 메리치즈
부모님이랑 먹기 좋은 옛날빙수도 금액대비 다 만족해요  요즘은 카페에서 얘기 걸어주기도 힘든데 
세심하게 인사해주는 분위기에 내집처럼 들립니당
심신이 지치신분 추천요 :)"
413,몽키 본점,5,피자도 친절하고 사장님이 맛있어요!!
414,몽키 본점,5,"적당한 가격, 피자도 맛있음"
415,한솥도시락 서울과학기술대앞점,1,내가 알던 치킨마요가 아니였음....치킨이 안보여...
416,한솥도시락 서울과학기술대앞점,1,"어떤 맛인지 경험조차 하고싶지 않은 서비스 ㅋㅋ
장사 정말 잘되시나 봄 ^^"
417,일상다반,3,가츠동 먹었어용 가츠동 맛은 괜찮은데 가격에 비해 식당 분위기는 그닥
418,일상다반,3,
419,호치킨 공릉점,5,?진짜 존맛.
420,호치킨 공릉점,5,좀 예전에 갔었는데 감튀존맛탱 직원분들이 유쾌했음
421,동대문엽기떡볶이 공릉점,1,엽기떡볶이 매운맛인데 며칠을 재활용 했길래 색이 이런지.. 짜장떡볶이로 잘못주신줄 알았네요 떡도 되게 오래된 맛 나요
422,동대문엽기떡볶이 공릉점,1,"진짜 심각해요
맛도 심각하지만 아는척도 안하고 불러도 무시하고 테이블에서 자고 있고 이렇게 불친절한데 처음이에요 위생은 말할것도 없어요
아직까지 안망한게신기 절때 가지마세요
하나도 아깝다"
423,더진국 공릉점,2,짜요짜요
424,더진국 공릉점,4,"맛도있고 직원들도 그정도면 응대도 괜챦은데 
좀 짠편임"
425,네코정,5,텐동맛집
426,네코정,4,
427,내가찜한닭 과기대점,5,
428,내가찜한닭 과기대점,5,찜닭먹을 땐 늘 찾아감
429,치즈밥있슈,5,여기 진짜 친절하세요
430,치즈밥있슈,5,대학시절 생각나는 추억의 맛?? 치즈밥 언제 먹어도 맛있어요~ 과기대점은 사장님이 너무 친절하셔서 갈때마다 기분 좋은 식사하고 와요?? 따뜻함이 느껴지는 가게라서 제가 넘 애정해요~~~
431,오븐에빠진닭 공릉점,5,"정말 맛있어요...간도 세지않고..
찾고 있던 건강한 맛의 치킨..
가끔 즐겨 먹어야 겠어요.."
432,오븐에빠진닭 공릉점,5,꿀맛
433,소문날라,2,제육 먹을만한데 상추 더 달라니까 상추값올랐다면서 주네요. 에휴... 이제 안가려구요 눈치보고 먹을 필요가 있나 싶네요
434,소문날라,3,
435,크앙분식 과기대점,3,맛있고 양도 많아요
436,크앙분식 과기대점,3,맛있어요
437,맛보면못참치,5,"만나는 지인들이  참치 좋아해서 검색하다
리뷰보구 왔는데 너무 만족 합니다"
438,주니숯불꼬치,5,"여기는 몇년전에 알게되서 근처 갈때마다 항상 들리는 편인데 가성비가 좋으며 맛도 물론 훌륭하다. 
최근 이보다 더 좋은 꼬치집을 못봄.
집근처였으면 자주 갔을텐데 아쉽 ㅜ"
439,봉구스밥버거 서울과기대점,1,가성비 개하타치 ㅋㅋㅋㅋ타지점보다 양 겁나적고 제육시켰는데 별로 들어있지도 않음 ..그냥 김밥천국가는게 나을듯
440,봉구스밥버거 서울과기대점,5,
441,루이스버거 공릉점,1,"가격은 올랐는데 옛날보다 야채의 신선함, 햄버거 두께, 눅눅함때문에 거의 흡사 편의점 햄버거가 되었네요~... 프렝크버거 옆에 생겼는데 가게 망하려고 이렇게 장사하시는건가 ㅠ 담엔 프랭크버거나 먹어야겠어요 ㅋ"
442,루이스버거 공릉점,1,예전이랑 달라졌네요 샐러드 먹고 이런걸 7-8천원 받는다는거에 놀랐어요; 너무 쓰레기같아서 ㅎ야채는 자르지도 않고 들어가서 너무 세고 소스는 물탄듯 밍밍하고 야채 종류도 별로 ㄴ없음 ㅋ 절대 먹지마세요 쓰레기음식...
443,화덕피자주는 부대찌개 공릉점,1,"정말로... 저 다른 지점에서 먹을때 맛있게 먹어서 여기도 믿고 갔는데 너무 별로였어요.. 잡냄새가 많이 나는거 같아요ㅠ
한 세번인가 갔는데 계속 그러네요.."
444,아리랑핫도그 과학기술대점,5,"여기 소떡소떡 맛집이에여! 떡이 쫀독쫀독, 소스도 맛있어요!!"
445,아리랑핫도그 과학기술대점,5,"만원이상 시키면 서비스로 핫도그 하나 더줍니다
맛은 정말 맛나요!"
446,홍콩반점0410 태릉입구역점,5,가성비 괜찮고 맛에 만족합니다. 짬뽕은 고기가 조금 들어가서 고기 못 먹는 분은 참고하세요. 이 집 짬뽕맛 아주 좋아요. 탕수육도 괜찮습니다. 가끔 찹쌀튀김옷이 좀 두꺼운 부분도 끼어 있지만... 포장만 가능한데 가보면 쉴새없이 울려대는 주문앱 주문 소리가 나요. 정신 하나도 없음. 자주 이용할 것 같습니다.
447,명이칼국수,5,맛있고 저렴하고 친절해요
448,소문난순대족발,5,"사진을 못찍었는데 
다른곳은 다데기 왕창 넣어서 먹어왔는데 여긴 넣지 마세요
아직 않넣어봤는데 않넣어도 엄청나게 개운하고 구수하고 과음 했을때 이만한 해장국 없습니다 
단점이...빨리가야 먹어요
금방 매진 됩니다"
449,소문난순대족발,5,"서울 순대국 1등
국밥충인데 여기보다 맛있는집 못찾음"
450,자담치킨 서울공릉점,5,진짜맛있어요 스리라차 순살 먹었는데 닭자체가 너무 맛있고 기름기 쫙 빠진 튀김에 양념까지 너무 완벽했음...
451,자담치킨 서울공릉점,5,치킨도 진짜 맛있고 친절하세요!
452,이츠초밥,4,어쩔 땐 그냥 진짜 무난 평범하고 어쩔 땐 맛있어요
453,이츠초밥,5,
454,오름제주고기 본점,5,"친절문제  리뷰가 많아 걱정했는데
친절하고 싹싹하게 잘 서빙해주어 기분좋게 먹고 왔어요
가격대가 쪼끔 있지만 고기는 쫄깃하고 맛있었어요"
455,오름제주고기 본점,1,"고기의 질과 시설에 비해
써빙의 테크닉 및 자세가 
한참 못미치는것 같습니다.
잘되는 다른 브랜드 매장에서 꼭 견학하고
밴치마킹해서 대폭 개선되시기 바랍니다. 
주변에 일반 삼겹살집에 비해 
단가도 약하지 않은데 많이 실망했습니다. 
나야 한번 실망하고 않가면 그만이지만
`제주`라는 이름에 먹칠 될까
안타깝네요. ㅠㅠ
주차장 확보도 필요할 듯."
456,전주식당,4,집밥 느낌 좋아요
457,도깨비정육식당,5,퀄리티 좋은 고기 저렴한 가격에 변함없는 양심의 주인
458,기린,5,"돈코츠 라멘을 이 가격에 만나볼 수 있는 가게는 유일

맛있는 가게"
459,기린,5,가격대비 국물도 맛있구 라멘 먹고싶으면 꼭 여길 찾아용
460,우리할매떡볶이 가재울점,5,처음으로 사서 집에서 먹어봤는데 튀김은 바삭바삭 맛있고 로제떡복기 넘 맛있네요... 가격대비 맛도 좋고 양도 많이 주시네요 자주 가야겠어요
461,우리할매떡볶이 가재울점,5,정말 친절하고 맛있는집
462,로지스시 공릉점,2,이문동시절 방문 ~ 기대가 컸던만큼 실망도 컸던 ㅠ
463,로지스시 공릉점,5,두번째 방문이고 오마카세 가성비로 충분히 맛있어요!!
464,피자스쿨 공릉점,1,"아저씨가 너무 너무 불친철하고 두번 이상 안하게 되었습니다.
와 진짜 싸가지가 없는 사람이네요!
그런 사람이 거기에서 일을 안 했으면 좋겠어요!
학교에 까가워서 가는데 와 가게에 들어가자마자 자쯩이 나요.

불친철한 서비스 불친철한 아저씨.

I will not recommend you to come and order these pizzas.Pizza taste also is Bad!It is because of him(Uncle) who is cooking pizzas.
The service is so bad.As we know If somebody is not cooking or servicing with a good mood we also don't like to eat their cooked pizzas and don't like to see their face too.
When I came to there he looked at me angrily(there is no any reason)Why he doesn't like to receive customers.(Really)I am saying without any Lyings.I needn't any Lying sentences to fight with him!
 
I don't know It is because of we are foreigners.
I just take out my pizza and I decided  not to come again at this Pizza store.

He is so Unkindly Person.He has no any kind for customers.Especially for foreigners.
Not only me but also he has no any kind for Korean s.I asked to my friends!!

(Chinese)
我不?推???点?些披?。披?的味道也?糟?！?是因?他（叔叔）正在做披?。
 服?太差了。据我?所知，如果有人?有心情愉快地做?或服?，我?也不喜?吃他?煮熟的比??，也不喜?看到他?的?。
 ?我?到那里?，他生?地看着我（?有任何理由）他?什?不喜?接待客?。（?的）我?的是?有任何?言。我不需要任何?言?他打架！
 
 我不知道 那是因?我?是外?人。
 我只是拿出我的披?，我?定不再??家披?店。

 他?是?不友善的人。他??客?有任何好感。尤其是?外?人。
 不?我，他也???s?有任何好感。我?我的朋友！

(Japanese)
このピザを注文しに?ることはお?めしません。ピザの味も?いです!ピザを作っている彼(おじさん)のせいです
 私たちが知っているように、誰かが良い?分で料理やサ?ビスを提供していない場合、私たちは彼らの調理されたピザを食べたくないし、彼らの顔も見たくない.
 私がそこに?たとき、彼は怒って私を見ました（理由はありません）なぜ彼は顧客を受け入れるのが好きではないのですか.（本?に）私は?なしで言っています.
 
 わからない それは私たちが外?人だからです。
 ピザをテイクアウトしただけで、このピザ店には二度と?ないことにしました。

 彼はとても不親切な人です.彼は顧客に?して何の親切もありません.特に外?人に?して.
 私だけでなく、彼は韓?人には何の種類もありません.私は友達に尋ねました!!"
465,피자스쿨 공릉점,1,피자스쿨 참 좋아했었는데 여긴 요즘따라 주문하려고만 하면 쉬는 날이고 쉬는날 아니면 바쁠 시간 피해도 한시간 넘게 걸리는데 그래도 주문하겠냐는 등 진짠지 모르겠지만 장사 하실 맘이 없는 것 같네요. 그리고 친절은 바라지도 않는데 싸가지 없는건 좀 그렇네요.
466,제일콩집,5,콩국수 청국장 두부찌개 고추만두 최 고
467,제일콩집,4,"맛 ☆☆☆☆
가격 ☆☆☆
친절 ☆☆ (아줌마들 텃세 있나봅니다. 많이 혼나고 하네요)

옛날 집밥 느낌입니다. 특히 고추튀각은 정말 할머니 생각나네요. 굿입니다. 직접 쪄서 튀기신다네요.

재방문의사 100%"
468,플렉스버거,5,
469,플렉스버거,2,"서비스 및 위생 개선 필요..
개인적으로 수제버거 먹는 이유가 패티 육즙 때문이라고 생각하는데 여기는 패티를 엄청 바싹 익혀서 취향에 안 맞았음."
470,국민소곱창 공릉점,5,"진짜 대박입니다. 지금까지 먹어본 소곱창가게 중 최고에요~~ 테이블 회전율이 좋아서 생간, 천엽도 싱싱하고 진짜 맛있고 친절합니다."
471,국민소곱창 공릉점,5,친절하고 싸고 맛있어요! 합겨억!
472,이정림수제햄부대찌개,5,
473,이정림수제햄부대찌개,5,"일반 햄은 건강에도 안좋고 잘 안먹었는데
여기는 사장님이 매일 수제햄을 만든다는 애기를 듣고 먹어보니 시중에 파는 햄이랑 다른긴 다르더라고 맛있고 건강하겠다는 생각이 들었습니다"
474,부어치킨 공릉점,5,사장님 겁나 친절하심 닭도 싱싱하고 맛있음
475,부어치킨 공릉점,5,닭이 좋은거 같음.
476,써브웨이 공릉점,4,
477,써브웨이 공릉점,1,"총체적난국인 매장

20분 미리 시켜놓고 간 어플오더 손님보다
동시에 입장한 현장 손님이 훨씬 먼저 샌드위치를 받아감

동시에 배달기사님들 너무 기다려서 짜증내고 있고 어플오더 손님들도 빡쳐함

주문 순서대로 음식을 만드는게 맞는건데
무조건 현장손님 먼저 하고
배달 및 오더 손님꺼는 계속 딜레이됨

현장 손님 주문도 소화 못할꺼면
오더 주문을 막고
배달 주문도 막아야 된다고 봄

이렇게 매장 운영하는게 신기할 따름입니다"
478,샐러디 태릉입구역점,5,사장님 너무 친절하시고 샐러드도 맛있어요! 다른지점은 안가봐서 모르겠지만 양도 한끼 식사로 충분합니다. 우삼겹 웜볼(사진) 너무 맛있어요~~ (원래 양파 토마토도 올라가는데 제가 뺐습니다)
479,샐러디 태릉입구역점,5,친절하구 좋아요
480,샌드위치날에,5,"공릉동 샌드위치 맛집입니다. 분위기도 좋고 데이트 하기 좋은 장소에요, 사장님도 왕왕 친절하시고 바게트가 바삭하고 속은 촉촉해서 먹기 너무 좋았어요,, 완전 강추에요"
481,샌드위치날에,1,"샌드위치 맛은 가격에 비례했던 것 같아요 엄청 맛있지도 나쁘지도 않은.

그렇지만 매장은 정말 별로였네요. 매장 분위기와 전혀 어울리지 않는 7080발라드가 계속 나오고, 사장님 같아 보이는 분은 지인과 계속해서 떠드셔서 오히려 손님인 저희가 조용히 해야할 것만 같았어요~ 쿠션 있는 의자 쪽에서는 먼지도 계속 날리고.. 샌드위치도 딱 절반이 아닌 3/2 정도 위치에 대충 자르는 곳은 정말 처음 봤네요 ㅋㅋㅋ

개선이 시급해 보입니다~"
482,팬시버거클럽,5,"최근에 먹은 수제버거중에 단연 최고????
프라이도
피넛버터 쉐이크도 맛있게잘먹었습니다오"
483,팬시버거클럽,5,버거가 진짜 맛있습니다???? 그렇다고 다른 사이드는 그냥 그렇나?? 아닙니다! 버거도 감튀도 쉐이크도 다 맛있는 맛집입니다!! 쉐이크?! 무조건 드세요! 강추입니댜
484,장수해물칼국수,5,
485,장수해물칼국수,4,칼칼하고 맛있어요 다른곳에 비해 가격도 저렴한편
486,BHC치킨 태릉입구점,1,요기요 평점은 좋길래 먹었는데 맛이 없네요..치킨무도 오래된 것 같습니다. 무에 검정 샤프심 있어요 산 거 후회중 ㅜㅜㅜ
487,BHC치킨 태릉입구점,1,"코로나 상황으로 자영업자 분들 힘들다는건 알지만 이건 아니다 싶어서 적습니다.

정말 있었던 일 가감 없이 그대로 적습니다.

홀에서 후라이드 반 양념 반 시켰습니다.
치킨 나오고 후라이드 닭다리살 한입 베어무는 순간 놀랐습니다.
군대나 급식에서 나오는 치킨 보다 맛이 없습니다.
제가 착각한가 싶어서 양념 닭다리를 베어 물었습니다.
여전히 맛이 없습니다.

치킨이 맛이 없다니 게다가 첫 입인데...
이것만으로도 정말 충격적인데

생맥을 시켰는데 생맥주가 다 떨어졌다고 하더군요. 손님도 많지 않고 초저녁 시간인데? 이건 그냥 준비를 안했구나 정도로 밖에 생각이 안들었습니다.

같이 간 여자친구는 닭날개 부위를 첫입 베어물더니 심지어 치킨에서 쉰 냄새가 난다고 상한거 같다고 말하더군요.

도저히 먹을 수 없을거 같아 주인 아저씨께 얘기하고 나와야겠다고 생각하고 주인아저씨게 치킨 상태가 이상하니 도저히 먹을 수 없다고 말했습니다.

주인아저씨는 음식나온지 얼마 안된 저희가 거의 곧장 일어나서 치킨을 못먹겠다고 말씀드리자 그러면 돈 안 받을께요. 라고 말씀하셨고 닭에서 쉰내가 난다는 여자친구 주장에 오늘 들어돈 닭이라 그럴리 없다
라고 말씀하셨습니다. 서로 갈등이 치닫는 양상을 보이는거 같고 블랙컨슈머 취급을 당하는거 같아 제가 그냥 결제 하겠다고 말씀 드렸습니다.

그랬더니 손해 볼께 없으셨는지 더 이상 아무 말씀 안하시고 바로 결제 하시더라구요.

진짜... 이런 맛은 처음이었습니다.

여태까지 태어나고 평생동안 치킨을 배불러서 한두조각 남겨본적은 있어도 한두조각 먹고 나머지를 다 버려본적은 제 일생에 있어서 정말 단 한번도 경험을 해본적이 없습니다.

그 정도로 충격적이게 맛이 없었는데 저희 커플이 이 집을 처음 오진 않았습니다. 예전엔 분명 괜찮았습니다.

감히 말씀 드리자면 돈도 돈이지만 정말 이딴걸로 배를 채우길 싫을 정도의 맛 없는 강렬한 경험은 처음이었습니다.

그래도 여자친구랑 기분 좋게 치킨 먹으로 나온건데 기분은 기분대로 잡치고 치킨은 먹고 싶어 주위 치킨집을 찾아서 먹었는데 정말 차원이 다르게 맛있게  먹었습니다.

이건 그냥 주인장 분께서 경쟁업체 치킨 시켜서 그리고 본인 업장에 있는걸 직접 비교하면서 드셔보셨으면 좋겠어요.

그 정도로 맛 차이가 납니다.

정리하자면

저희 커플이 맛을 보기 위해 건드린 닭다리 2개 닭날개 1개 그리고 생맥이 없어서 시킨 병맥 2병중에 이미 따버린 병맥1병 값

총 22,000원을 지불 하고 나왔습니다.

돈이 아까운 것 보다 정말 이런걸로 배를 채우기 싫어서 나머지는 손도 안대고 나왔습니다.
그리고 블랙컨슈머 따위로 취급되는게 싫어 당당히 음식값 지불 했고요. 리뷰도 당당히 적습니다.

만약 주인장 분께서 이 리뷰를 보신다면 이런 점만 고치셨으면 좋겠습니다.

1. 진짜 홀 정리 좀 하셨으면 합니다. 배달 전문 매장 같아요. 손님들이 이용하는 곳인지 창고인지...

2. 인건비 아끼실려고 알바생분들 외국인 고용하신거 같은데 손님 응대 교육 좀 부탁드립니다. 커뮤니케이션 안되는건 충분히 이해합니다. 엄청난 서비스를 바라는것도 아닙니다. 가게 들어갈때 인사는 받지도 못했고 들어갈때 제가 더 큰소리로 인사했고 메뉴판도 주지 않아 제가 다른 테이블에 있는거 가져와서 메뉴 보고 주문 조차도 받으러 오지 않아 제가 부엌에 계신분한테 외치듯이 주문했습니다. 이건 문제 아닌가요? 엄청난걸 바라는거 아닙니다. 그냥 기본만 하자구요.

3. 결정적으로 신선한 재료와 맛있는 맛 좀 부탁드립니다. 맛이 없어요. 진짜... 직접 주변 경쟁사 치킨 사가지고 그 닭다리랑 본인 매장 치킨 닭다리랑 한입 베어물면 바로 답 나옵니다. 이건 너무 한거 같아요. 진짜.

사진은
여기서 비용 지불하고 나와서
바로 주변 경쟁사가서 먹고 비용 결제한
삼성페이 결제 내역입니다.

홍보도 비방도 아닌 앞으로 발전 하시길 바라는 마음으로 리뷰 남겼습니다. 전 그래도 좋은 경험이 아니라 재방문 할것 같진 않습니다만 제가 남긴 리뷰로 인해 발전 하셨으면 좋겠습니다. 이상 입니다."
488,와우곱창,5,수구레 좋지
489,와우곱창,5,수구레 허파 맛있어요
490,육공판 공릉점,5,
491,육공판 공릉점,5,두번 정도 다녀왔는데 가성비 짱입니다. 외식비 지출이 많았던 달에는 돼지갈비만 먹을경우 저렴하게 이용가능함. ㅎㅎㅎ 계속 번창하시기를 바랍니다. 주차는 매우 불편하지만 저는 동네 주민이라 ㅎㅎ
492,웰빙왕십리곱창,5,진짜 소금막창 이 동네에서 젤 맛있어요..
493,웰빙왕십리곱창,5,군침이 사악 돌아요
494,쪼매매운떡볶이 공릉점,5,여기 분식 포장해서 술안주로 먹는데 끝내줘요
495,쪼매매운떡볶이 공릉점,5,친절하시구 맛도 있어요!
496,와플대학 공릉캠퍼스,1,주인인지 알바인지 여자 표정과 불친절함에 어이가 없음.
497,와플대학 공릉캠퍼스,1,"맛은 와플대학 맛인데, 서비스 최악이에요. 가지 마세요. 저 원래 댓글 안다는데 주인이지 알바인지 너무 불쾌해서"
498,라화방마라탕,4,맛은 그냥 맛있는 샹궈! 였는데 가게 컨디션이 너무 깔끔해서 좋았습니다
499,라화방마라탕,5,마라샹궈 찐맛집 ..
500,명랑핫도그 과기대점,5,
501,명랑핫도그 과기대점,4,맛있는거 잘 먹었습니다
502,보딩샐러드키친,5,
503,맛닭꼬 과기대점,1,아니 여기 사장아저씨 많이 이상함… 다신 매장안감
504,맛닭꼬 과기대점,5,
505,열화철판,5,"껍데기 개뚜껍고 맛있음.
대학시절 매학기마다 가는 단골집.
아 근데 막 청결한 느낌은 안드는…

근데 평점은 왜안좋지!?"
506,열화철판,5,
507,암사골숯불닭갈비,5,
508,암사골숯불닭갈비,5,"인생 숯불닭갈비 집.. 맛있고 친절하고 깨끗하고 저렴하고 혼자 다해요! 너무 맛있어서 번창하시길 바라는 맘으로 후기 남깁니다. 닭갈비도 다 구워서 나와 바로 먹을수있어 편해요. 간장, 소금 둘다 맛있구 막국수도 평타 이상! 같이 나오는 떡도 바삭하구 jmt ??"
509,장자방,5,"런치메뉴(칠리새우와 탕수육, 미니짜장 또는 미니짬뽕 택1) 추천. 11시30분~15까지
튀김류가 깔끔하고 바삭합니다.
친절하고 깔끔한 중식당."
510,공릉동 최고집순대국,5,"수육 진짜 맛있음
같이 주는 쌈장도 미쳤음

순대국에 살코기가 많이 들고 맛있음 (그치만 순대는 맛이 .. 정말 별로ㅠㅠ 순대국집이지만 순대국이 젤 ㄴㄴ)

다음에 가면 수육에 공깃밥 추가해서 먹을 듯

김치는 정말 맛있는 편인데 아랫분 지적처럼 청결이 안 좋을 거 같아서 무섭 ㅠ 누가 직접 말해드려야 할듯 ㅜ"
511,공릉동 최고집순대국,5,"순대국 육수는 수준급입니다.
좀 지저분한게 아쉽습니다만 
맛으로는 강추하는 곳"
512,오봉집 공릉점,5,매장 깨끗하고요 연포탕이 개운하고 좋네요. 종종 지인들 데리고 올 것 같아요. 잘먹었습니다
513,오봉집 공릉점,5,
514,태릉풍천장어,5,"여기가 왜 평점이 낮은지 모르겠어요, 장어 구입하고 술은 별도로 계산하는 시스템이고 직원분들 매번 갈때마다 친절하신데;; 바쁘셔서 놓친걸수는 있지만 한두달에 한번 가는데 한번도 불친절한 적은 없어요. 장어는 당연히 나쁘지않구요, 저는 괜찮다고 생각합니다. 엄청 가성비 좋고 맛있다!! 까진 아니지만 종종 찾는 맛집은 맞아요, 자리도 넓어서 회식하기에도 적당하구요"
515,태릉풍천장어,1,
516,이나닭강정 공릉점,5,"마늘닭강정순한맛과 매운맛 시켰는데

매운맛 맛있었어요! 근데 별로 안매웠어요 신라면 정도??? 딱 달콤양념의 물리는 맛을 잡아주는 정도의 매콤함이었던 것 같아요 그리고 소스 맛이 독특하더라구요 약간 과일이나 야채에서 우러나오는 단맛이 느껴졌어요 그래서 진짜 맛있게 먹었습니당
근데 매운맛 좋아하는 사람들을 위해 더 매운 맛도 있었으면 좋겠어요 ㅎㅎ (사실 이 날 속쓰리게 매운 거 먹고싶어서 시켰던거라 ㅋㅋㅋㅎㅎ 그치만 이 메뉴 없애지는 마시구요!!! 되게 적당한 매콤함이거든요 ㅎㅎ 다만 한 단계 업그레이드된 매운맛 메뉴도 추가됐으면 좋겠어요><)

마늘순한맛은 마늘 후레이크를 굉장히 많이 뿌려주셔서 그만큼 소스를 더 뿌려주시면 좋을것 같아요 마늘 후레이크 좋아하긴 하는데 극극호, 마늘너무사랑해 까진 아니어서 그런지.. 소스 별로 없이 마늘 후레이크 범벅을 먹다보니까 좀 쓴맛이 나서 매운맛 소스 긁어먹었어요

담번에는 쉑쉑시즈닝 맛과 매운맛 시켜볼게요~~"
517,더진국 공릉점,2,짜요짜요
518,더진국 공릉점,4,"맛도있고 직원들도 그정도면 응대도 괜챦은데 
좀 짠편임"
519,육평,1,자리가 있음에 불구하고 남자 두명이 오니깐 벽보고 앉는 자리를 안내하시네요 안그래도 좁아보이는데
520,오닭꼬치 공릉점,4,닭꼬치는 맛있으나 영업 시간이 불규칙적임. 고정적인 휴일 아닌 평일인데도 안 열었던 적 꽤 됨. 주말에는 꼬박꼬박 여는듯. 여름에는 더 늦게 열기도 하고... 오픈 시간은 주인이 가게에 들어오는 시간이고 실제로 닭꼬치 팔기 시작하는 시간은 오픈 시간보다 더 느림. 늦은 시각에는 술 먹는 사람 많아 시끄러워 오픈 시간 근처에 갈려고 하나 그러면 열렸을 확률 복불복임. 소금맛 닭꼬치는 정말 맛있음.
521,오닭꼬치 공릉점,5,제 입맛에는 잘 맞았어요.
522,불타는생고기 공릉점,5,가성비도 좋고 맛도 좋습니다
523,불타는생고기 공릉점,5,이동네 고기는 그냥 여기서 드세요
524,샐러디 공릉점,1,재료 소진인걸 주문 1시간 후 일방적으로 보내면 어쩌나요…?
525,샐러디 공릉점,5,진짜 맛있음
526,태릉양꼬치양갈비,5,"다른 곳도 다녀봤는데 여기가 최고에요bb
양꼬치 잡내 안남, 요리(칠리새우,유린기)도 맛있음"
527,태릉양꼬치양갈비,5,"간만에 별5개짜리 양꼬치집 발견
고기가 부드럽고 잡내도 하나도 안남 
꿔바로우도 맛있고 담엔 온면도 먹을 예정"
528,롤리드펌킨,4,"겉으로 봤을때는 바만 있나 했는데 안쪽에 자리가 더 있어요!
테이블 간격이 좁은 편은 아니라 콘크리트감성에 촛불켜놓고 조용하게 말하기 좋은 분위기에요.
술 종류 많았고, 감바스와 차돌마라파스타를 먹었는데 모두 무난하게 먹기 좋았습니다! ??"
529,롤리드펌킨,5,지나가다 우연히 들렸는데 잘 먹었습니다??
530,파파존스 공릉점,1,"완전 서비스 개판. 여자알바생 교육좀 시키셔야할듯요. 파파존스 이벤트도 대상이 되었는데, 고객이 직접 이벤트 요청하지 않으면 적용도 안해줌. 파파존스 좋아했지만 다신안갈듯"
531,파파존스 공릉점,1,비싸기도하고 맛도 가격에비해 특별히 맛있지도 않고 서비스도 개판!!
532,코쿠카츠,5,"압구정 성수 같은 주요 번화가에 있었으면
진작에 떴고 저 잘 됐을 집이다"
533,코쿠카츠,5,맛있어요 냠냠
534,대박소갈비살,5,진짜 쫄깃해요 맛집 노포
535,대박소갈비살,5,"맛있어요!! 연탄에 구운 고기라니
된장찌개 고기시키면 무료로줘요ㅎㅎ
다음에 매운갈비살라면 먹어보고싶어요"
536,육회왕자연어공주 공릉점,5,양.진짜많이주시네요.푸짐해요
537,왕짜장,1,"여기 진짜 몇년동안 자주 먹었던곳인데 
왜 재탕하는걸 이제야 알았을까..
여기 짬뽕 재탕합니다!! 오징어 어떤건 하얗고 어떤건 
오징어 색깔이 아님 국물에 절인듯이 엄청 진한 갈색으로 물들였음 
전날,전전날꺼 99.99% 바로 재료넣고 만들면 절때 진갈색깔 안나옴 당일에만 팔아도 그진갈색은 절때 안나옴 한동안 생각없이 먹고있었다가 바로 거른다."
538,왕짜장,3,
539,경성초밥,5,"""경성초밥 바 테이블에서 초밥먹기""
-버킷 리스트에 올릴 만하다"
540,경성초밥,5,진짜 미친 존맛 .. 공릉동 처음 온 친구 데려가면 절대 실패 없는 초밥집이에요! 장어초밥 진짜 쫄깃쫄깃하고 회 상태 갈 때마다 신선하고 한결같이 친절하세요 번창하세요 흑흑
541,왕손이네,5,진짜 맛있어요 숨은 맛집!!
542,최군우동 태릉본점,5,
543,최군우동 태릉본점,5,어우 매콤하고 시원합니다 진짜 맛있어요!
544,육회란연어다,1,
545,육회란연어다,1,"일단  들어갔을때부터 홀에서 먹고 간다니까 남자 직원분이 퉁명스럽게 홀은 불편한데 괜찮으세요? 라고 하심. 여기서 약간 쎄했는데 그냥 원래 말투가 무뚝뚝하신가보지 하고 넘겼습니다. 그러고 자리에 앉아서 주문하고 식사하는데 배달의 민족 배달 알람 울릴때마다 ""아 오늘 왜이래?"" 라며 일 많이 들어와서 짜증난다는듯이 말함(남자직원). 매장에 노래가 틀어져있긴 했는데 앞에 손님 다 들리게 짜증내는건 무슨 경우인지 모르겠음. 그냥 다음에 안와야겠다 생각하고 다 먹고 계산하고 나가려는데 남직원분이 38700을 계산하시길래 의아해서 홀전용 두리쥬와세트 하나랑 초밥 육회연어 하나씩 시켰는데 어떻게 그 금액이 나왔는지 모르겠어서 다시 한번 물어봤는데도 끝까지 맞는데요 하길래 일단 밖으로 나왔음. 밖에서 아무리계산해봐도 말이 안되서 일행이 다시 들어가서 어떻게 금액이 이렇게 나왔냐 항의했는데 그때도 남직원은 끝까지 그 금액 맞는데요 일관하다가 옆에서 여직원이 잘못찍힌거 확인하니까 그제서야 카드 주시면 바꿔드릴게요 하고 처리해줬습니다.
평소 리뷰같은거 안남기는데 밥먹으러와서 이런경험은 처음이라 리뷰 남깁니다. 아무리 배달이 주라고 해도 홀에 손님받고 이런 태도로 장사하는 사람은 처음 보네요. 친절은 바라지도 않습니다. 최소한 기본은 좀 지켜주세요 
특히 남자직원인지 사장인지는 모르겠는데 본인 주방에서 짜증내는거 다들려요^^ 기본적인 개념좀 탑재하시고 장사하세요 좀. 1,2천원도 아니고 만원 잘못찍어놓고 끝까지 남직원분은 죄송하다 한마디 없던데 당당하신가봐요ㅋㅋㅋ. 그리고 배달 시키실분들 여기서 배민 주문 넣을때마다 궁시렁거리던데 돈내고 욕먹으실분들 배달주문하시면 좋을거 같습니다. 저는 돈주고 욕먹기 싫어서 다시는 주문 안할거같네요."
546,암사골숯불닭갈비,5,
547,암사골숯불닭갈비,5,"인생 숯불닭갈비 집.. 맛있고 친절하고 깨끗하고 저렴하고 혼자 다해요! 너무 맛있어서 번창하시길 바라는 맘으로 후기 남깁니다. 닭갈비도 다 구워서 나와 바로 먹을수있어 편해요. 간장, 소금 둘다 맛있구 막국수도 평타 이상! 같이 나오는 떡도 바삭하구 jmt ??"
548,외백,1,"서비스가 조금 안좋은편입니다 ㅠ
맛은 평범합니다"
549,외백,3,꾸덕한 간짜장은 아니지만 가격은 적당하네요
550,춘리마라탕 공릉점,5,"공릉동 일대 마라탕집중 원탑,, 평생 장사해주세요 제발"
551,춘리마라탕 공릉점,4,수요일 휴무이면 휴무공지해주세요~~!!
552,BBQ 공릉점,1,카톡 기프티콘으로 주문하려니까 결품상태라고 주문 막아놨던데 배민에서는 동일한 메뉴 주문 가능함ㅋㅋ 어이없음
553,BBQ 공릉점,1,"이벤트 무조건 주문취소, 불친절, 상품 누락"
554,아빠의파스타,5,개존맛탱
555,아빠의파스타,5,먹을수록 맛있는 파스타 맛집.  속도 편해요
556,기찻길풍경야채곱창,3,"인근주민인데 그냥 동네마다 있는 흔한 곱창집이에요
멀리서 찾아올 정도는 절대x"
557,기찻길풍경야채곱창,2,"음...일단 재방문의사는 없을 것 같아요...
친절함도 그렇지만 맛이 ... 개인적으로는
맵지도 양념이 딱 맛있지도 않았어요..."
558,토리쿠,2,"사람 많은거 보고 기대했는데 그닥…..
테이블 생각보다 끈적거림이 심함"
559,토리쿠,1,"분위기는 좋으나 
맛도 그닥
알바 센스 빵점
기본안주 양배추 두조각 주고 
더 달라고하니깐 추가금 요구함 ㅋㅋㅋㅋㅋㅋㅋㅋㅋㅋㅋ
진짜 일본 따라하네 ㅋㅋㅋㅋㅋ
1점도 아까움!!"
560,변산소머리국밥,5,가성비 최고의 숨은 고수의 맛집..
561,변산소머리국밥,5,배고파서 소머리국밥 곱빼기로 주실수있냐고 여쭤봤는데 웃으시면서 많이 주겠다고 하시고 정말 국도 그득 주시고 고기도 잔뜩 들어있고 밥도 고봉으로 눌러담아주셔서 잘 먹고 왔습니다 가격은 보통 가격인 7000원만 받으셨어요
562,스시쟁이,3,"그냥저냥 가성비 초밥집!
이 주변에서는 가장 가성비가 좋은듯 합니다.
엄청 맛있는 편은 아니지만 그렇다고 맛이 아주 없는것도 아니라서 자주 들렀어요~"
563,스시쟁이,1,"다시는 먹고 싶지 않음,,,,,"
564,오늘은강정,1,"주말 정기휴무는 그렇다쳐도 19일 급작스러운 휴무 같은건
공지라도 해주시고 영업시간도 똑바로 변경 해주세요
신경 좀 써주세요
카카오맵에 버젓이 영업중이라고 써있어요
헛걸음 계속 했습니다"
565,오늘은강정,5,"원조 맛집인데.. 지금도 맛나긴하지만.. 뭔가 처음보단 조금 아쉬움
그래도 단골"
566,로지다이닝키친,5,양이 좀 적긴하지만 대창덮밥 진짜 맛있어요
567,로지다이닝키친,3,양은 적고 평범하게 맛있어요. 마감시간이 들쭉날쭉한데 마감이 전화 안내와 매장 안내가 다릅니다.
568,하노이별 공릉점,4,"월맹군에 주먹밥 멕이셨던 다낭 외할머니 손맛!
일단 양으로 불만을 잠재움."
569,하노이별 공릉점,5,"사실 라멘맛집일지도..? 
같이 간 일행도 쌀국수보다 라멘이 맛있었다고 함.
야끼차슈라멘 주문, 전체적으로 양이 많은 편. 차슈 굉장히 두꺼운데 아주 부드러웠고 간도 잘 되어있었음. 국물도 맛있고 면이랑 목이버섯도 부들부들, 숙주도 많아서 아주 맛있었음p-:"
570,돈까스회관 공릉점,3,다른메뉴는 좋은데 등심돈까스 고기가 얇음 딱 그가격의 고기양임 ㅋㅋ
571,바이루시아,5,너무 좋은 곳입니다.
572,참치세상,5,
573,참치세상,5,
574,진돈,5,"재방문 의사있습니다.
고기 맛의 차이는 어딜 가나 비슷하고 밑반찬,구성이
전부다라는 생각이 늘 있는데
땡초가 베이스인 듯한 구성(새우젓,순두부찌개)
입맛이 돌아요
순두부찌개에 한 그릇 뚝딱하고
리필도 해주셔서 두 명이서 한 그릇씩 먹고
공기밥 하나 더 시켜서 반씩 먹었습니다"
575,원조강영숙봉평메밀촌 본점,5,비빔막국수 진짜 미쳤음
576,원조강영숙봉평메밀촌 본점,4,"만두는좀…..
나머지는 다 맛있음"
577,자가제빵선명희피자 공릉점,5,맛있음 존좋
578,자가제빵선명희피자 공릉점,5,"딥치즈베이컨 포장  m 18000원
여자2명이서 과식안하고 먹기에 적절한 양
집까지 오는길에 식었지만 그래도 맛있었음
포장해서 철길 옆에서 또먹고싶다"
579,알러이,3,"저도 후기 보고 갔는데 후기가 쌀국수때문에 높은건 아닌것 같아요
튀김만두는 맛있었는데 쌀국수는 평범해요 
베트남하나 태국하나 먹었는데 베트남은 평범한데 태국은 국물에서 수정과같이 시나몬향?이 강하게 나요"
580,알러이,3,후기가 조금 의심스러워요.. 엄청 맛있다기보다는 그냥 평범한 맛이예요. 치킨은 비추... 가격은 비싼편!
581,노다지보신탕 공릉동점,1,
582,노다지보신탕 공릉동점,1,고기는 냉동했다가 전자랜지 돌려서 녹여서 끓여주니 뻣뻣하고 냄새난다. 더구나 양도 너무 적고 ㅎㅎ 가격이 일인분 탕 한그릇에 14000원
583,복쓰부,5,"존맛,   사진은 못찍었는데  냉채오향장우육 지림"
584,복쓰부,3,"짬뽕밥 먹어봤는데 맛은 걍 평균적인맛이고 쏘쏘함
분위기가 깔끔하고 중국집보다는 까페느낌남"
585,이삭토스트 공릉점,5,"항상 친철하시구
깔끔한 매장은 늘 기분좋게 맞이해줍니다
공릉점 사장님의 빵굽는 노하우가 있으신거같아요
다른점에서 먹을때보다 정말 맛납니다
일부러 찾아가는 매장이 되었습니다
새해 복많이 받으시구 건강하세요"
586,이삭토스트 공릉점,5,"너무너무 친절하시구요
공릉점 애용합니다
간식으로도 식사로도 정말 최고에요
너무 맛있어요♡♡ 항상 번창하세요♡"
587,뭉탱이공릉숯불생고기,5,
588,뭉탱이공릉숯불생고기,1,"소고기 먹다가 수세미 나왔는데 불판 닦다가 나올 수 있는 거라며 죄송하다 한마디 하고 끝!
먹다 입맛 떨어져서 나옴."
589,춘천중앙로숯불닭갈비,5,열무막국수랑 고기랑 같이 먹으니까 짱이에요
590,춘천중앙로숯불닭갈비,3,숯불이라 좋았어요/~~
591,쇠뿔정육식당 공릉점,5,5점만점에 6점드립니다.최고의 정육식당
592,쇠뿔정육식당 공릉점,5,진행시켜
593,백세마인보쌈 공릉본점,5,9천원이라고는 믿기 어려운 퀄리티
594,백세마인보쌈 공릉본점,1,"인근 거주민이라 많이 주문하는 식당입니다.

다만 오늘 마늘보쌈 시켰는데
고기 냄새가 너무 나네요.

첫입 먹을때부터 먹는데 냄새가 났지만
와이프가 신경쓰여 조용히 있었는데
와이프도 고기냄새가 난다고 해서 결국 남겼습니다.

한번도 고기를 남긴적이 없는데
사진 그대로 남겼네요.
조금 더 신경써주시기 바랍니다..."
595,도미노피자 공릉점,1,"먹어본 도미노 중에서 제일 최악..
충격적이다
치즈는 너무 적어서 빵맛만 나고 도우 끝자락은 탄 부분이 있고
토핑 누락되고 최악..
왠만하면 다른 지점네서 드세요.."
596,도미노피자 공릉점,5,보건의날 할인행사로 엄청 바쁘시던데도 친절하게 응대해주셨습니다! 피자도 따뜻하고 맛있었습니다~
597,또래오래 노원공릉점,5,
598,강나루유황오리주물럭 제1본점,1,
599,강나루유황오리주물럭 제1본점,5,진짜 대존맛!!!
600,할머니옛날보리쌈밥,4,쌈은 별로. 비빔밥과 야채 유무의 차이라서 고기 따로 시킬 거 아니면 비빔밥 시키는게 가성비가 좋음. 나물이 매우 맛있는 편.
601,할머니옛날보리쌈밥,5,"최고의 쌈밥집. 다른 설명이 필요 없음. 
부모님 모셔가도 좋음"
602,경복식당,5,"여기 평 안좋게남기는 사람은 그냥 고급 레스토랑만 가세요. 아니 11첩 반상이 7000원인데 비싸다하면 양심이 있나? 
가격대비 최강 가성비 맛집
맛도 심지어 있음"
603,경복식당,5,밑에 .이라고 찍힌사람 신고좀 한번씩 해주세요. 최소1000건이상의 별점테러로 멀쩡한가게에 피해를 주고있는 것 같습니다.
604,용문각,5,
605,앞마을생고기,5,고기상태 최상이에요 정말 맛있어요
606,앞마을생고기,5,"맛있어용 ㅎㅎ
동네 고기 맛집"
607,공릉순두부,4,
608,공릉순두부,2,흠.... 걍 달아 갠적으로 휴게소 순두부가 더 맛있늠
609,교촌치킨 공릉1호점,1,"순살치킨을 먹다가 너무 화가나서 글 올립니다~제가 먹어본 치킨중 최악이예요
순살인줄알았는데 3/2가 밀가루이고 살도 쬐끔에다가 튀겨논지도 오래된것 같구 ~물가가 올랐다고는 하지만 너무 너무 화가나고 최악이라 글올립니다
저만 이런건가요"
610,교촌치킨 공릉1호점,1,안망하나ㅋㅋ
611,차차,5,"깔끔하고 맛있다~~호불호안갈릴듯
가격은 좀 있는데 양이 충분함"
612,차차,5,맛있습니다.
613,퍼스트쿡카츠,5,"9,500원이라는 가격이 오히려 싸게 느껴지는 퀄리티.
돈까스를 써는데 스테이크 써는 느낌이 남"
614,퍼스트쿡카츠,5,공릉동 돈까스 1픽입니다. 카레도 맛있어요.
615,미스터피자 공릉점,4,
616,미스터피자 공릉점,1,"만약 당신이 부자여서 돈을 버리고 싶다면 이곳에 가서 피자를 드세요

如果?是有?的人不知道??花?, 去??店?吃披?。

IF you are rich so you wanna throw away money, highly recommend"
617,세친구곱창,1,카카오 리뷰를 먼저 볼 걸... 왜 배민 인기순위인지 모르겠고요. 당면은 다 떡져있고 양념은 아무맛 없이 매운맛만 나고 곱창은 누린내가 나서 도저히 못 먹겠어요. 돈 없는 자취생이 맛있는 거 좀 먹어보겠다고 간만에 한 끼 18000원 투자했다가 피 봤네요 세 입 먹고 다 버렸어요 토할 것 같음 환불 받고 싶은 정도
618,세친구곱창,1,"맨날 앞에 지나다니면서 한번먹어야지하고 시켰는데 재주문 할 이유가 없다. 최악이다.

가서 2인분 포장해서 17800원 나왔는데 배민으로 포장시키면 14,900원나옴. 사장님한테 배민이 가게포장보다 3천원 더 싸다고 가격 다르다고 말씀드렸는데 아무론 조치없고 아 포장이라 싼거네~ 하고 넘김... (저도 포장인데요? 아무런 조치가 없음.) 
더 놀라운건 주문하고 5분도 안되서 나왔는데 집와서 보니까 곱창이 신선하진 않고 오래전에 볶은 식감이였고, 면도 조금 떡져있었다... 양념도 맛있게 매운게 아닌 그냥 맛없는 보통 매운맛이였다. 
서비스 대처와 음식맛과 뭐 하나생각해봐도... 나은게 없었다. 기분이 좋지 않아서 반쯤 먹다가 버립니다. 다신 안가요..."
619,돌판생고기,1,"예전엔 정말 친절하시고, 갈때마다 맛있게 먹었던 곳인데, 원자재 상승 때문인지 갈때마다 반찬수가 줄고 불친절 해지네요. 주문누락을 손님 탓으로 돌리는 식당이 얼마나 갈지는 모르겠지만 번창하시길 바랍니다"
620,돌판생고기,5,김치찌개랑 제육맛집!! 점심에 지나가면 꼭 가보세요ㅎㅎㅎ반찬도 맛있고 매주 한번은 가는듯
621,김가네찜칼국수,5,"생긴지 1년 남짓되어서 깨끗하고 친절합니다.
화장실도 안에있구요

만두전골 해물찜 둘다 맛있습니다.
손님식사대접하기 좋습니다.

양은 해물찜이든 만두전골이든 중자가 4인분으로
생각하면 됩니다."
622,김가네찜칼국수,4,양 엄청 많음 퍼도퍼도 계속나오네;;;맛도 준수함
623,싸다김밥,1,"메뉴 다양해서 좋은데 너무 불친절해요..
물어보는데 못들은척하시고
김밥 포장했는데 저렇게 딱 김밥만 주셔서 매우 당황했습니다…? 본사에서 관리가 필요해보임 ㅜㅜ
심지어 김밥은 차가웠습니다.."
624,싸다김밥,2,하나 확실한 건 가성비는 아님 그리고 라볶이는 괜찮은데 김치참치볶음밥? 이건 절대 드시지 마세요 진짜 참치에서 비린맛 확 나고 으...
625,소망숯불갈비,5,"이렇게 맛있는 고기를 먹어본 적이 없음!!
자꾸 생각나는 맛. 그리고 물냉면도 넘 맛있었다~♡♡♡"
626,소망숯불갈비,5,동네 맛집이에요 가성비도 좋고..
627,치킨마루 원자력병원점,5,너무 맛있네요
628,치킨마루 원자력병원점,1,20분이면 된다고 하셨는데 가서 10분을 더 기다렸네요... 직원분도 좀 많이 서툴어 보이시더라구요 잘 먹었었는데 실망입니다
629,달토끼의떡볶이흡입구역 공릉점,5,투움바 떡볶이 존맛.. 할인 기간이라고해서 싸게 먹었네요
630,달토끼의떡볶이흡입구역 공릉점,5,투움바 떡볶이 최강.. 여지껏 먹던 떡볶이 맛은 잊으세요. 생소한 이름이라 뭔가싶어 시켜봤는데 최고네요
631,도쿄식탁,5,리뷰 먼저 보고 음... 했지만 친구가 가재서 군말없이 따라갔는데 의외로 맛있었음
632,도쿄식탁,1,"별 하나도 아까움
음식에서 기름냄새가 나며 신선도에 문제가 있어보임.
깍두기는 역한냄새가 남."
633,광수육회 공릉점,5,
634,도로시파스타연정 공릉점,5,
635,이런씨불닭발,5,"리뷰를 위한집 ?
애견친화적!!! 더 말할것도 없다
강추!"
636,이런씨불닭발,5,모든 다 최고로 드려요^^
637,"여기,꼬치네",4,맛은 쏘쏘지만 사장님께서 서비스 항상 챙겨주시고 친절하심
638,"여기,꼬치네",5,여기 맛있어요ㅠㅠ 일본에서 살때 먹었던 맛이랑 비슷해서 좋아욤!! 사장님 서비스도 많이 주시고.. 코로나 끝나면 더 자주갈게여 ㅋㅋㅋ
639,본죽&비빔밥cafe 공릉원자력병원점,5,
640,본죽&비빔밥cafe 공릉원자력병원점,5,
641,부대집며느리,5,"혼자가도 편하게 먹을 수 있어서 좋아요
맛있어요!"
642,부대집며느리,5,"1인이가도 눈치 안보며 저녁먹을 수 있는 곳! 햄도 엄청많고 라면사리까지 넣어주시니 감덩
반찬도 다 맛있고 사장님도 친절하시니 자꾸 갑니다 최고!!"
643,미소야 공릉점,1,"맛 그닥, 가격 비쌈 
여사장이 다른 단체 테이블 결제를 혼밥한 저에게 잘못 해놓고는 .. ㅋㅋ 영수증 드릴까요? 묻지도않고 안뽑아줌. 돌아가는 길에 문자에 찍힌 승인 금액이 너무 커서 결제 잘못하셨다고 말함. 취소후 다시 결제하는데도 사과 한마디도 없음
문자 알림 서비스 안했으면 덤탱이 쓸뻔했다..~"
644,미소야 공릉점,1,여자분이 사장님인지 직원인지 서비스 진짜 별로.....
645,화로상회 공릉점,3,"상계, 공릉, 광운대를 다 가본입장에서 약간 아쉬움
상계: 실판으로 바뀌고 전부 테이블석에 가족단위
주차는 30분만 무료
공릉: 상계 예전 내부모습. 동그란 테이블에 동그란 의자 라면 무제한은 사라졌고 조금은 아쉬운 인테리어
주차는 매우 좋음
광운대: 그냥 대학교 근처라 정신없이 좁고 시끄러움"
646,화로상회 공릉점,5,숯불맛 제대로!!!삼겹살이랑 닭갈비 맛있고 막창 진짜 존맛이에요
647,스시락 2호점,4,"우동 굿
락교 굿
초밥 굿
양도 굿
주차 노"
648,스시락 2호점,5,"맛있고 서비스도 너무 좋고 든든해요ㅠㅠ! 최고.. 토요일에 일하느라 스트레스 만땅이었는데 맛있게 날리고 갑니당?? 모듬초밥, 알밥, 치즈돈가스 다 맛있었어요!!??"
649,인차이나,5,
650,인차이나,2,"이제는 평범해진 인차이나네요.
2년전까지만해도 어떤 메뉴를 먹어도 맛있었습니다. 재료도 싱싱하고, 맛도 좋았습니다. 
그런데 작년부터인가 재작년부터인가 맛이 좀 바뀌기 시작했고, 이제는 일반 중국집과 별 차이도 없네요. 가격도 이제 많이 올라서 메리트가 전혀 없어졌네요. 오히려 배달을 안해서 이용하기 힘들어 집니다. 도데체 그 맛있던 식당이 왜 이렇게 된건지... 주인이 바뀐건지, 주방장이 바뀐건지.. 재료의 신선도는 완전히 없어졌네요."
651,페페그라노,5,너무 취향 파스타..
652,페페그라노,5,"뇨끼는 원래 제스탈이 아니라서
근데 소스는 꾸덕하니 맛이었어요
전 라자냐가 너무 좋더라구요
더먹고 싶은데
이런 요리들은 몇입 먹으면 배불러서 문제ㅠ
친구에게 소개할만한 집이에요
평일 저녁에도 웨이팅 30분했어요"
653,등촌샤브칼국수 공릉점,5,가깝고 맛있고 양많고
654,등촌샤브칼국수 공릉점,5,가성비 좋은 샤브칼국수 맛집이네요 ㅎㅎ
655,알촌,5,메뉴가 전반적으로 다 평타 이상임
656,알촌,1,먹다가 플라스틱 이물질이 나왔네요..
657,세븐돈까스김밥 공릉점,1,김밥 한줄은 점심타임때 손님안받네요~~~~ 가게사정이 그렇다쳐도 짜증나서 김밥천국으로 왔습니다~
658,세븐돈까스김밥 공릉점,1,김밥과 같이 먹으려고 모밀도 시켰는데 김밥 나온 후 20분 넘게 기다렸는데 다른 테이블 손님에게 주네요. 예전엔 좋았는데 사람이 바뀌고 별로네요. 소통이 안되는것 같네요. 앞으로 점심시간엔 여기 갈일 없을듯 합니다.
659,쪼매매운떡볶이 공릉점,5,여기 분식 포장해서 술안주로 먹는데 끝내줘요
660,쪼매매운떡볶이 공릉점,5,친절하시구 맛도 있어요!
661,남원골추어탕,2,"추어탕이 먹고 싶어서 동네 검색 후 가까운 곳에있어 아내와 함께 방문!!!
추어탕을 각각 주문했고~ 반찬과 밥이 먼저 나오고~ 곧이어 추어탕 나옴~
부추도 많이 주시고~ 반찬도 5가지 나오고~ 일단 괜찮다 싶어서 밑반찬 먹어보니 단짠이지만 
나름 배추김치 맛난편이고 마늘쫑멸치볶음 맛 괜찮고  오이김치 맛난편이었고~ 
깍뚜기 그냥 특별한 맛없고~ 추어탕 먹어보니 추어탕이라기 보다는 우거지탕??? 
우거지는 생각보다 많이 들어갔음 그냥 우거지탕 느낌!!! 

그런데 문제는 우거지가 너무 질겼고~ 우거지 꺼풀을 벗기던지 아니면 
푹~삼던지 했어야 했는데~ 너무 질기고~ 추어탕맛도 별로였음!!! 
더구나 밥은 당일날 지은밥인지 아닌지 좀 애매한? 밑에 누룽지 깔아놓고~ 
찬밥을 팬에 눌러서 뎁힌밥인지~ 쌀이 좀 그런지~ 밥은 생각보다 별로였고~ 
양도 남자가 먹기엔 작게 들어있었음.
배곱파서 공깃밥하나 더 시켜서 먹긴 했는데~ (((재방문 의사없음))) 추어탕 9,000원입니다.
추어탕은 약간 매운맛이났고~ 매운맛추어탕? 
여튼 질기고 불편했던 추어탕 우거지는 처음 경험했음!!!
별개수를 준다면 많이줘야 2.5개"
662,남원골추어탕,5,얼큰 좋다
663,광주한양식당,5,항상 배달로 시켜먹다가 넘 맛있어서 한번 가보자! 하고 직접 가서 먹었는데 역시 맛있어요... 김치찌개 오징어볶음 순두부찌개 등등 제 입맛에 딱이예요~
664,광주한양식당,1,반찬도 그렇고 메인 요리?도 재탕하는 것 같아요 제육 먹는데 제육에 오징어 쪼가리 섞여 있고 고춧가루 없이 무친 나물인데 고춧가루 묻어있고 그러네요…
665,신전떡볶이 공릉점,1,11000원 세트 최악
666,신전떡볶이 공릉점,5,여기 주민. 친절 맛있 최고.
667,큰집닭강정 태릉점,5,사장님 너무너무 좋아여 일주일에 한번씩은 가여 !!!
668,큰집닭강정 태릉점,3,"지나가다 우연히 들른 집, 맛있습니다 ^^ 다시한번 재방문 해보고싶어요."
669,청년감자탕순대국 공릉점,5,"친절하시고 맛좋고 그래서 일주일에 1번은 갑니다.
근데 숟가락 휴지가 없어서 요청할때가 많아요 도금더 신경서 주시면 좋겠습니다"
670,청년감자탕순대국 공릉점,5,친절하고 맛있어요
671,753베이글비스트로,5,록스 샌드위치 추천하고 사장님 진짜 친절하심! 뉴욕에 유학 다녀온 친구도 맛있다고 먹고 또 사감
672,753베이글비스트로,5,
673,딸만셋냉면 공릉점,5,여기 만두 저렴하고 짱 맛있음
674,딸만셋냉면 공릉점,5,완전 맛있네요 냉면 만두 갈비탕 드세요~
675,횡성한우정육백화점,5,"주변 싼 고깃집에 비해 좀 비싼 편이지만 그 값을 합니다...
진짜 목살 삼겹살 두툼하고 육질 쩔어요....
나중에는 소고기도 먹으러 갈게요.."
676,횡성한우정육백화점,5,항상 갈 때마다 삼겹살이랑 육회 먹는데 맛있어요 돈 마니벌어서 여기서 소고기 왕창 먹고 시퍼요
677,안시성,5,"특별히 불친절하다는 느낌은 못받았습니다.
친절히 좌석안내와 차분히 서빙 해주셨습니다.

또 아무래도 오래된 가게이다보니까
빤짝빤짝 빛나는 느낌은 없지만,
위생상 문제는 없었습니다.
깨끗한 그릇 , 컵 , 수저 등 잘 사용했습니다.

저는 간짜장면과 차돌짬뽕을 먹었는데
오래동안 가게 운영하시면서
맛있게 맛내는 법을 아는 가게였습니다.
완뽕 완짜장 하고 돌아갑니다.

또방문하겠습니다"
678,안시성,3,요리는 맛있으나 식기구의 청결. 종업원의 태도 등 불만족함
679,본도시락 공릉점,4,"사장님 혼자 해서 그런가 안쪽에서 분주하게 일하시더라고요. 한 3번 부르니 그 때서야 보시더군요.  근데 진짜 안쪽까지 소리가 안 들려서 그런 것 같아요. 목소리를 좀 크게 내니 바로 보시더라구요.
일단 맛 좋구요. 과기대 가서 조깅하려다 문 닫혀서 집에 오는 길에 사서 먹는데 돈 값 합니다. 양이 제가 좀 많아서 밥이 쪼금 부족했는데 그건 집에서 밥 먹어서 문제 없었습니다. 고기도 1끼 식사로 양이 제법 되더군요."
680,땡불초닭발,5,"닭발 매콤함이 최고예요  
체다치즈불닭은 매운맛으로 먹어도 괜찮을거같아요"
681,"광어한마리15,000원",5,
682,황토닭갈비,5,맛이 전체적으로 깔끔하고 담백함. 자극적이지 않은 닭갈비 먹고 싶으몈 추천
683,황토닭갈비,5,"후방금 뼈해장국 먹고왔는데
6,000원에 너무맛있게먹었고 친절하셔서 넘감사했습니다.
다음번엔 메인메뉴 닭갈비와 감자탕도 먹으러 와야겠어요. 야채들도 싱싱하고 깍두기도 맛있어서 믿을수있는맛이다 생각했습니다."
684,공릉동멸치국수,5,국수하면 생각나는 곳이에요
685,김가네 공릉점,5,맛있고 빠르고 친절하십니다
686,김가네 공릉점,1,닭죽에 닭고기가 없음...화남
687,청계천8가삼성곱창,4,
688,청계천8가삼성곱창,5,잡내 없고 맛있습니다
689,지코바 공릉점,5,닭이 싱싱한 것 같아요. 간도 적당하고 깔끔해요.
690,지코바 공릉점,5,포장 다됐다고 먼저 전화주시는 치킨집은 여기가 처음이예요. 치밥은 앞으로 여기서만 시킬래요!!
691,홍어횟집,5,
692,솔직하다,4,"가게가 너무 핫플이다보니 음식 나오는데 꽤 오래 기다렸어요.
항정살 덮밥 별로 기대 안하고 먹었는데 너무 맛있어서 놀랐어요!
나중에는 조금 물려서 생강이랑 먹으니깐 너무 맛있었어요 ㅎㅎ
고기 양도 밥에 비해 너무 적지않고 딱 맞아서 좋았습니다!"
693,솔직하다,1,"7.24에 방문했습니다.
너무 문제가 크네요.
웨이팅 기다리고 들어가서 주문을 하고 기다리는데 20분 넘게 음식은 나오지 않았습니다.
다른 테이블 전부가 저희보다 늦게 들어온 사람들이었는데 그곳은 음식이 나오는것을 보고 직원분께 주문이 누락 되었는지 물어봤습니다. 하지만 주문은 잘 들어갔고 밥이 떨어졌다는 말을 듣고 기다렸습다. 하지만 배달 주문이 계속해서 나가고 저희보다 늦게 들어온 다른 테이블에 음식이 계속 나가는 일이 발생했습니다.
40분이 넘게 지나서 서빙하는 분께 음식이 언제쯤 나오는것이냐고 문의를 다시 드렸습니다. 밥이 없으면 주문한 고로케를 먼저 주거나 상식 외의 시간을 기다리게 하면 어느정도 걸리는지 와서 말을 해주는게 맞는것이 아니냐. 그리고 왜 늦게 온 사람들이 먼저 음식을 받는 것이냐고요. 그 서빙하는 직원은 명쾌한 대답없이 우물쭈물 거렸고 주방에 다른 직원이 그제서야 나와서 주문이 누락이 되었다고 죄송하다고 말을 하더군요. 그 서빙하는 직원은 뒤로 빠져서 사과도 없고요. 지금 확인했다고 이제 음식 준비 하겠다는 말 듣고 됐다고 하고 나왔네요.
구석 자리에 앉아서 까먹는것도 아니고 주방 맨 앞자리에 앉아서 음식 기다리면서 주문 잘 들어갔냐고 확인까지 한번 했는데 그 주문을 누락시켜놓고 밥이 없다는 변명으로 일관하더니 뒤로 빠져서 제대로 사과까지 안하는건 말이 안된다고 생각하네요."
694,깜닭이야치킨 공릉본점,5,"다먹고보니 사진도 올릴수 있나봐요. 파닭 개운하니 맛있어서 원래 야채 안먹는 아들이 잘먹네요.
후라이드, 양념도 맛있어요"
695,깜닭이야치킨 공릉본점,3,"맛있는 동네 치킨이란 이런맛~
가격도 합리적."
696,하우돈곱창,4,싸고 맛있고 양 많고 깨끗하고 사장님도 다들 친절하세요????????????
697,하우돈곱창,5,맛있고 깔끔 합니다. 거의 구워서 주셔서 바로 먹을수 있습니다.
698,엄마손김밥,5,"등원 차량 이용을 위해 아이들과 있으면
웃으며 인사해주시는 사장님!

아침 식사용 김밥을 구입하진
아가들꺼를 따로 만들어 무료로 주셨네요. ^^

진짜 집에서 먹는 김밥 맛이 납니다.
엄마손 김밥이 진짜 한번 방문해보세요~!♡"
699,엄마손김밥,5,집에서 먹는 맛이에요.. 너무 맛있음 ㅠㅠ
700,7번가피자 공릉점,5,사장님이 너무 친절하시고 피자 맛도 너무 훌륭합니다 몇 번이고 와서 다시 사 먹고 싶은 맛입니다 심지어 양도 많아요!
701,7번가피자 공릉점,5,사장님 너무 친절친절친절x9999999 하시고 피자도 완전 맛있어요ㅠㅠ
702,햇살머믄꼬마김밥,5,어묵 맛집
703,햇살머믄꼬마김밥,5,"맛있어요
또 주문합니다"
704,둘둘치킨 공릉점,5,
705,둘둘치킨 공릉점,5,"사장님 정말친절하시고 손님 취향 일일히 기억하시고
챙겨주십니다."
706,푸라닭치킨 공릉점,1,악플달려고 로그인 했어요. 쿠폰 10장 모아서 만 원빼고 만 몇천원인가 계산하고 배달하는 분이 갔어요. ㅡ쿠폰 10장 모아도 무료는 아니고 쿠폰 하나당 천원 할인해줍니다. ㅡ아이가 카드로 계산하느라 쿠폰 주는 걸 깜빡했는데 전화가 걸려오드만 만원 지불하라 하더군요. 쏘아붙이는 태도가 도둑놈 취급이라 불쾌했지만 주기로한거 깜빡한게 미안해서 근처 배달오시면 드리겠다니 쿠폰을 가게로 가지고 오라더군요.   시간 날 때 근처에 가서 주겠다니 빨리와야한다 재촉하면서 기록으로 남겨두겠다네요. 푸라닭 한 마리 반에 사이드 메뉴 몇개면 3만원 가까운걸 쿠폰 10장 30만원 이러려고 모았나 싶네요. 가져다 드리고 저는 거래 끊겠습니다. 거기도 사정이 있겠고 자영업 어렵다지만 서비스 기본이 있는데 비오는데 쿠폰 가져다줄 제 입장에는 화딱지 나네요. 이만 속풀이 했습니다.
707,푸라닭치킨 공릉점,5,"진짜 세상 친절하셨어요. 보통은 지점별로 쿠폰 사용하겠다고 하면 싫어하시는 분들이 많은데, 공릉점은 여사장님이 정말 너무 친절하게 대응해주셔서 좋았습니다. 여러가지 요구사항이 많았는데도 모두 수용해주셨어요! 맛도 정말 깔끔하고 좋았습니다. 배달도 빨랐고요! 아무쪼록 배달에서 자주 시킬게요~ 꼭꼭 번창하세요!"
708,지호한방삼계탕 공릉점,4,
709,지호한방삼계탕 공릉점,5,기력보충
710,주주돈가,5,"공릉동 이사와서  가장 맛있게 먹은 삼겹살입니다. 사장님 혼자 하셔서 처음에는 불편했는데 지금은 적응 되어서 괜찮네요. 삼겹살, 막창 추천합니다. 된장찌게는 기본 서비스로 나옵니다. 돼지갈비는 이제 안하십니다"
711,주세프명인,5,최근 먹어본 간짜장 중 최고. 더 설명 필요 없음 50대 강력추천간짜장
712,주세프명인,5,"진짜 다 맛있어요.
근처 산책왔다가 후기가 나쁘지않아 방문했었는데,
해물좋아하는 아이는 바지락순한맛 시켜주고 온가족 짬뽕이랑 탕수육 시켰는데 너무너무 맛있었어요.
다른 메뉴들도 먹으러 또 가보려구요."
713,히토사라,5,사장님의 친절한 서비스와 깔끔한 내부 그리고 맛도 좋습니다 ㅎㅎㅎ감동받고가요
714,히토사라,5,구성도 알차고 한 점 한 점 너무 맛있었습니다. 남자 셋이 와서 잘 먹고 갑니다 ^^
715,처갓집양념치킨 공릉점,5,이제 치킨은 여기다
716,처갓집양념치킨 공릉점,5,"저번에 시켜 먹어봤는데 기름이 신선도가 높은거 같더라고요 튀김도 바삭거리고 기름에서도 깔끔한 냄새가 나서 너무 좋았습니다.
양념 발라주신 것도 너무 많지도 않고 너무 적지도 않도 덕분에 입맛에 맞게 잘 먹었습니다~^^"
717,맘스터치 피자앤치킨 화랑대역점,5,"존맛, 가성비 미쳤음 피자도 맛있고 치킨도 맛있음"
718,웰빙곱창,5,"너무 맛있고 양도 많아서 배 터지게 먹었써요!!!
아주머니 너무 친절하시고 좋아요!!
담에 또 올깨요~"
719,웰빙곱창,1,"손님 질이 넘 x같아서 두번 다시 안갑니다
진영운수라는 택시회사 운전수들인것 같은데...
택시기사들이 다 이리 양아치인가?"
720,두레통닭 화랑대역점,5,간장 닭강정 진짜 맛있어요
721,두레통닭 화랑대역점,5,양도 좋고 맛있어서 자주 시켜 묵어요ㅎㅎ
722,던킨 화랑대역점,4,사장님은 친절
723,던킨 화랑대역점,5,후기대로 사장님 너무 친절하시네요~~ 기분좋게 이용하고 왔어요^^
724,피자스쿨 화랑대역점,1,ㅋㅋ 피자 여기서 시키지마세요. 미안하단소리도 없음
725,피자스쿨 화랑대역점,5,피클도 서비스해주시고 맛있게 잘먹었습니다
726,이삭토스트 서울여대점,5,맛있고 친절합니다 자주가요
727,이삭토스트 서울여대점,2,"불친절ㆍ
저런 태도로 왜 장사를 하는지..."
728,치킨마루 화랑대점,5,"가성비 갑
맛 있어요."
729,치킨마루 화랑대점,5,정말 잘튀긴다!!
730,오달자샤브퀸,5,스테이크  맛이  짱이어요.***************  별20개
731,오달자샤브퀸,1,별로네요.
732,본죽&비빔밥cafe 화랑대역점,5,본오더 주문하고 갔어요.  친절 깨끗해서~# 집주변 말고 요기로 왔어요.
733,본죽&비빔밥cafe 화랑대역점,5,친절해서 여기가 좀더 먼데 일부러 여기와요^^..
734,봉구스밥버거 화랑대역점,5,너무 맛있고 포스트잇 보고 웃고 갑니다
735,봉구스밥버거 화랑대역점,5,봉구스가 역시 가성비는 좋네요^^
736,죠스떡볶이 화랑대역점,5,너무 마싯어요ㅠㅠㅠㅠㅠ 죠스떡볶이가 이렇게 맛있구나를 처음 알려준 지점 … 넘 마싯구 친절하십니다 !! 근데 요번에 순대랑 간 섞어서 시켰는데 내장들이 좀 비릿하더라구용 ㅠㅠㅠ 원래는 항상 맛있었어요!
737,죠스떡볶이 화랑대역점,5,친절하고 맛납니다 리뉴얼 전에 가게 솔직히 더러웠는데 그대로 청결 유지해주시길...
738,화랑대곱창,5,"학교 다닐 때, 졸업 후에도 너무 너무 좋아해서 자주 갔던 곳입니다. 사장님들께서(부부) 항상 웃으며 반겨주시고 가족도 기억해주시면서 안부 물으실 때 감동했어요. 멀리 이사를 와서 못간지 꽤 됐는데 제 마음 속에서 곱창은 늘 여기가 1등입니다. 건강하시고 부자되세요 !"
739,화랑대곱창,5,"학교 다닐 때부터 즐겨 찾던 포장마차가 어엿한 곱창 전문점이 되었어요. 오늘 10년 만에 근처 갔다가 포장해왔는데요. 여전히 인상 좋으신 아저씨, 아주머니가 반겨줘서 행복했고 맛도 최고였습니다. 이곳만큼은 영원히 있었음 좋겠어요. 추천합니다!!"
740,수연멸치국수,5,"몇 년째 아이들과 다니는데, 
맛있고, 위생적이고, 주인 아저씨 아주머니도 
한결같이 친절하세요.

오래 다닐 수 있는
단골 맛집으로 추천드려요!!^^"
741,수연멸치국수,5,"이미 10번은 넘게 간 거 같아요
비빔국수 열무국수 제육볶음 맛나요
반찬 중엔 양념한 단무지 맛나네요"
742,족발3시30분 화랑대역점,5,"먹느라 바빠서 사진은 없지만 진짜 최고였습니다.
족발을 엄청 좋아하는 편은 아니라 오픈때 가봤고, 이번에 집에 손님들 오셔서 급하게 집앞에서 포장했는데 친절하시고 손님들도 다 맛있다고 하셨어요. 앞으로 족발생각나면 여기서만 먹겠습니다. 손님들도 너무 맛있다고 하셨어요! 감사합니다.저는 반반족발 먹었고 막국수도 주셔서 배터지게 먹었어요"
743,족발3시30분 화랑대역점,5,최고
744,버거킹 화랑대역점,4,붐비는 시간에 가면 갓 튀긴 따뜻한 감자튀김을 먹을 수 있음. 상당히 맛있음. 다른 시간에는 눅눅하고 미지근함.
745,버거킹 화랑대역점,2,태이크아웃해도 빵이 어떻게 차갑나요? 한두번도아니고 …/
746,굽네치킨 공릉2동점,5,맛있어용
747,굽네치킨 공릉2동점,5,맛있어요 친절해요
748,귀빈반점,5,"정말 맛이 좋아요. 짬뽕밥이 맛있고, 짜장면, 우동, 굴짬뽕, 등등,,, 다 맛있어요,"
749,귀빈반점,5,정말 맛있게 잘먹었어요.. 탕수육 깐풍기 간짜장 다 잘먹었어요
750,소라분식 태릉본점,5,맛있는데 댓글이 왜이러지?
751,소라분식 태릉본점,5,맛있는데?
752,깡통집,3,
753,깡통집,5,
754,김가네 서울여대점,5,김밥맛있어요 다른데는 김밥때문에 식중독걸리고 그러던데 하나썰고 칼 바로 닦으시고 장갑도 김밥만질때만 사용하셔서 안심되는것같아요 굿
755,김가네 서울여대점,5,
756,몽둥이부리또 서울여대점,5,그냥 아무것도 추가 안하고 먹긴 아쉬운 맛ㅠ 그래서 두개세개 추가하다보면 부리또로 가볍게 먹을 가격은 아닌거 같아용 ㅠㅠㅠ 그래도 넘 맛있어서 자주 먹습니다 :)
757,몽둥이부리또 서울여대점,3,"그럭저럭 괜찮음.
무엇인가 아쉬운 부분은 있음."
758,애플민트,5,나에겐 추억의 파스타집 ㅠㅠ 교복입고 토요일에 먹었던 그맛 ㅠㅠ 잊지못해요 사장님 고생하셨습니다~~
759,애플민트,5,맛있어요!
760,타이인플레이트,1,
761,타이인플레이트,1,
762,고씨네 서울여대점,5,고씨네 지점 중에서 제일 맛있음
763,고씨네 서울여대점,4,"막 맛있는지는 모르겠는데,,, 엄마는 완전 맛있다고 해서 별네개.."
764,돌깨마을맷돌순두부,3,"영업시간 좀 제대로 지켜주세요. 네이버에 적힌 영업시간과 브레이크타임 안 지킬 거면 대체 왜 써놓으신 건가요? 브레이크 타임 40분 전에 가도 쫓겨나고 브레이크타임 끝나고 30분 뒤에 가도 문이 안 열려있음. 휴무일도 마음대로.. 네이버에 써놓지나 않았으면 헛걸음할 일 없을텐데 몇번이나 헛걸음한 건지 모르겠네요. 자영업 하는 분들 힘드신 거 알아서 웬만하면 이런 리뷰 안 남기는데, 도가 지나치다고 생각해서 리뷰 남깁니다. 영업시간은 손님과의 약속이고, 기본입니다. 인터넷에 명시해놓은 영업시간을 지우시든가 아니면 잘 지켜주시든가 해주세요 제발"
765,돌깨마을맷돌순두부,5,곱순에 쫄추 진리
766,반층야,3,밥이 딱딱해요
767,반층야,1,
768,홀리몰리베이글리,5,불고기 치즈 샌드위치 대존맛~~~ 샌드위치 다 맛있음. 내가 부자였으면 맨날 이거 사먹음~~
769,홀리몰리베이글리,5,완벽 그 잡채
770,오스테리아 잭팟,5,가격은 좀 있지만 독특하고 고급진 파스타와 피자를 맛볼 수 있는 곳. 경춘선길 산책과 같이 코스를 짜면 좋을 것 같다.
771,오스테리아 잭팟,5,셀러드부터 메인요리까지 너무 잘 먹고 왔습니다. 직원분들께서도 친절하셔서 분위기 좋은 곳에서 가족들과 즐거운 시간 보내고 왔습니다
772,테르미니,1,주문받고 주문했는지.. 주문받은 종업업이 다시 와서 주문하셨냐고 물어볼때 이상하다고 생각하긴했지만.. 확인했으니까~ 라고 안일하게 생각하고 기다린게…ㅋㅋㅋㅋ 손님 잘못이라면 잘못인가보다ㅋㅋ 우리보다 나중에 온 테이블에 서빙이 가길래~ 이상해서 다시 우리가 물어보니ㅋㅋㅋㅋ 주문이 안 들어갔단다ㅋㅋㅋㅋ 어이가 없었다.. 결국 먹지못하고 나왔다..ㅋㅋㅋㅋ 다시 가는 일은 없을꺼다~
773,테르미니,1,주문을 했는데 주문이 안들었다네요? 이렇게 손님을 무시해도 되나요? 미안하다는 말도 없이
774,테르미니,2,파스타가 짜고 먹을수록 맛이 없어요..
